-- phpMyAdmin SQL Dump
-- version 5.2.1
-- https://www.phpmyadmin.net/
--
-- Host: 127.0.0.1
-- Generation Time: Dec 27, 2024 at 06:36 AM
-- Server version: 10.4.32-MariaDB
-- PHP Version: 8.2.12

SET SQL_MODE = "NO_AUTO_VALUE_ON_ZERO";
START TRANSACTION;
SET time_zone = "+00:00";


/*!40101 SET @OLD_CHARACTER_SET_CLIENT=@@CHARACTER_SET_CLIENT */;
/*!40101 SET @OLD_CHARACTER_SET_RESULTS=@@CHARACTER_SET_RESULTS */;
/*!40101 SET @OLD_COLLATION_CONNECTION=@@COLLATION_CONNECTION */;
/*!40101 SET NAMES utf8mb4 */;

--
-- Database: `canteenms`
--

-- --------------------------------------------------------

--
-- Table structure for table `categories`
--

CREATE TABLE `categories` (
  `id` int(11) NOT NULL,
  `name` varchar(255) NOT NULL
) ENGINE=InnoDB DEFAULT CHARSET=utf8mb4 COLLATE=utf8mb4_general_ci;

--
-- Dumping data for table `categories`
--

INSERT INTO `categories` (`id`, `name`) VALUES
(1, 'Drinks'),
(2, 'Snacks'),
(3, 'Breakfast Meals'),
(4, 'Lunch Meals'),
(6, 'Crackers');

-- --------------------------------------------------------

--
-- Table structure for table `e_receipts`
--

CREATE TABLE `e_receipts` (
  `id` int(11) NOT NULL,
  `rfid_code` varchar(255) NOT NULL,
  `paymethod` varchar(250) NOT NULL,
  `total_amount` decimal(10,2) NOT NULL,
  `sale_date` timestamp NOT NULL DEFAULT current_timestamp(),
  `transaction_number` varchar(250) NOT NULL
) ENGINE=InnoDB DEFAULT CHARSET=utf8mb4 COLLATE=utf8mb4_general_ci;

--
-- Dumping data for table `e_receipts`
--

INSERT INTO `e_receipts` (`id`, `rfid_code`, `paymethod`, `total_amount`, `sale_date`, `transaction_number`) VALUES
(57, '0013442974', '', 101.00, '0000-00-00 00:00:00', 'HCC-828545'),
(58, '0013442974', '', 252.00, '0000-00-00 00:00:00', 'HCC-472886'),
(59, '0013442974', '', 50.00, '0000-00-00 00:00:00', 'HCC-420834'),
(60, '0013442974', '', 32.00, '2024-10-22 10:24:37', 'HCC-266228'),
(61, '0013442974', '', 21.00, '2024-10-22 10:25:19', 'HCC-663295'),
(62, '0013442974', '', 21.00, '0000-00-00 00:00:00', '2024-10-22 18:26:07'),
(63, '0013442974', '', 21.00, '0000-00-00 00:00:00', '2024-10-22 18:26:55'),
(64, '', '', 36.00, '2024-10-22 10:28:46', 'HCC-705001'),
(65, '0013442974', '', 21.00, '2024-10-22 10:29:13', 'HCC-269347'),
(66, '0013442974', '', 10.00, '2024-10-22 16:34:49', 'HCC-759449'),
(67, '0013442974', '', 10.00, '2024-10-22 10:36:33', 'HCC-043561'),
(68, '0013442974', '', 10.00, '2024-10-22 10:37:03', 'HCC-348522'),
(69, '0013442974', '', 11.00, '2024-10-22 16:40:17', 'HCC-500290'),
(70, '0013442974', '', 46.00, '2024-10-22 16:41:37', 'HCC-047265'),
(71, '0013442974', '', 58.00, '2024-10-22 16:48:40', 'HCC-928445'),
(72, '0013442974', '', 31.00, '2024-10-22 20:54:07', 'HCC-892130'),
(73, '', '', 22.00, '2024-10-22 20:54:13', 'HCC-126232'),
(74, '0013442974', '', 36.00, '2024-10-22 20:58:45', 'HCC-448661'),
(75, '0012258965', '', 30.00, '2024-10-22 21:18:32', 'HCC-113001'),
(76, '0013442974', '', 41.00, '2024-10-22 21:19:05', 'HCC-796229'),
(77, '0013442974', '', 41.00, '2024-10-22 21:19:05', 'HCC-673935'),
(78, '0013442974', '', 135.00, '2024-10-22 21:19:20', 'HCC-291051'),
(79, '0013442974', '', 41.00, '2024-10-22 21:21:08', 'HCC-299056'),
(80, '', '', 142.00, '2024-10-22 21:22:09', 'HCC-335228'),
(81, '0012258965', '', 46.00, '2024-10-24 15:38:57', 'HCC-343993'),
(82, '0012258965', '', 46.00, '2024-10-24 15:38:57', 'HCC-129491'),
(83, '0012258965', '', 46.00, '2024-10-24 15:38:57', 'HCC-380849'),
(84, '', '', 10.00, '2024-10-24 15:39:13', 'HCC-810818'),
(85, '0012258965', '', 10.00, '2024-10-24 15:39:25', 'HCC-647049'),
(87, '0012258965', '', 22.00, '2024-10-24 15:41:04', 'HCC-450707'),
(88, '', '', 12.00, '2024-10-28 10:37:52', 'HCC-158318'),
(89, '', '', 32.00, '2024-10-28 10:41:29', 'HCC-979216'),
(90, '', '', 32.00, '2024-10-28 10:42:39', 'HCC-775940'),
(91, '', '', 32.00, '2024-10-28 10:43:22', 'HCC-756314'),
(92, '', '', 32.00, '2024-10-28 10:44:07', 'HCC-949615'),
(93, '', '', 12.00, '2024-10-28 10:46:16', 'HCC-313572'),
(94, '', '', 32.00, '2024-10-28 10:46:38', 'HCC-242579'),
(95, '', '', 12.00, '2024-10-28 10:50:44', 'HCC-783941'),
(96, '', '', 32.00, '2024-10-28 10:51:35', 'HCC-263812'),
(97, '', '', 12.00, '2024-10-28 10:52:03', 'HCC-827697'),
(98, '', '', 12.00, '2024-10-28 10:54:02', 'HCC-660354'),
(99, '', '', 70.00, '2024-10-28 11:01:45', 'HCC-280126'),
(100, '', '', 25.00, '2024-10-28 11:02:23', 'HCC-406492'),
(101, '', '', 25.00, '2024-10-28 11:02:41', 'HCC-563490'),
(102, '0013389623', '', 43.00, '2024-10-28 11:03:12', 'HCC-442421'),
(103, '0012258965', '', 12.00, '2024-10-28 11:04:20', 'HCC-603740'),
(104, '0013389623', '', 12.00, '2024-10-28 11:09:32', 'HCC-895088'),
(105, '0013389623', '', 12.00, '2024-10-28 11:09:32', 'HCC-502730'),
(106, '0013389623', '', 12.00, '2024-10-28 11:09:32', 'HCC-322690'),
(107, '0013389623', '', 20.00, '2024-10-28 11:09:41', 'HCC-527426'),
(108, '0013389623', '', 20.00, '2024-10-28 11:14:10', 'HCC-289319'),
(109, '0013389623', '', 20.00, '2024-10-28 11:14:10', 'HCC-765671'),
(110, '0013389623', '', 11.00, '2024-10-28 11:14:27', 'HCC-373051'),
(111, '0013389623', '', 11.00, '2024-10-28 11:14:27', 'HCC-363781'),
(112, '0013389623', '', 25.00, '2024-10-28 11:14:44', 'HCC-325675'),
(113, '0013389623', '', 25.00, '2024-10-28 11:14:44', 'HCC-413576'),
(114, '0013389623', '', 25.00, '2024-10-28 11:15:21', 'HCC-982355'),
(115, '0013389623', '', 25.00, '2024-10-28 11:15:21', 'HCC-861218'),
(116, '0013389623', '', 25.00, '2024-10-28 11:22:31', 'HCC-201844'),
(117, '0013389623', '', 25.00, '2024-10-28 11:22:31', 'HCC-639542'),
(118, '0013389623', '', 25.00, '2024-10-28 11:27:19', 'HCC-680287'),
(119, '0013389623', '', 25.00, '2024-10-28 11:27:19', 'HCC-222417'),
(120, '0013389623', '', 25.00, '2024-10-28 11:33:21', 'HCC-436384'),
(121, '0013389623', '', 25.00, '2024-10-28 11:33:42', 'HCC-968198'),
(122, '0013389623', '', 25.00, '2024-10-28 11:33:42', 'HCC-884668'),
(123, '0013389623', '', 25.00, '2024-10-28 11:37:36', 'HCC-991302'),
(124, '0013389623', '', 25.00, '2024-10-28 11:37:36', 'HCC-330216'),
(125, '0013389623', '', 25.00, '2024-10-28 11:39:01', 'HCC-698362'),
(126, '0013389623', '', 25.00, '2024-10-28 11:39:01', 'HCC-276944'),
(127, '0013389623', '', 25.00, '2024-10-28 11:41:20', 'HCC-206516'),
(128, '0013389623', '', 25.00, '2024-10-28 11:41:20', 'HCC-541342'),
(129, '0013389623', '', 25.00, '2024-10-28 11:42:30', 'HCC-347934'),
(130, '0013389623', '', 25.00, '2024-10-28 11:42:30', 'HCC-532369'),
(131, '0013389623', '', 25.00, '2024-10-28 11:50:05', 'HCC-768179'),
(132, '0013389623', '', 25.00, '2024-10-28 11:50:05', 'HCC-234279'),
(133, '0013389623', '', 25.00, '2024-10-28 11:52:02', 'HCC-289221'),
(134, '0013389623', '', 25.00, '2024-10-28 11:52:02', 'HCC-222702'),
(135, '0013389623', '', 25.00, '2024-10-28 11:53:59', 'HCC-141252'),
(136, '0013389623', '', 25.00, '2024-10-28 11:53:59', 'HCC-022787'),
(137, '0013389623', '', 25.00, '2024-10-28 11:54:16', 'HCC-189060'),
(138, '0013389623', '', 25.00, '2024-10-28 11:55:58', 'HCC-658143'),
(139, '0013389623', '', 25.00, '2024-10-28 11:55:58', 'HCC-862099'),
(140, '0013389623', '', 25.00, '2024-10-28 11:56:44', 'HCC-005227'),
(141, '0013389623', '', 25.00, '2024-10-28 11:57:16', 'HCC-511859'),
(142, '0013389623', '', 25.00, '2024-10-28 11:57:16', 'HCC-292096'),
(143, '0013389623', '', 25.00, '2024-10-28 11:57:16', 'HCC-157406'),
(144, '0013389623', '', 25.00, '2024-10-28 11:59:41', 'HCC-463802'),
(145, '0013389623', '', 25.00, '2024-10-28 11:59:41', 'HCC-196180'),
(146, '', '', 98.00, '2024-11-05 13:53:47', 'HCC-873416'),
(147, '', '', 37.00, '2024-11-05 14:27:14', 'HCC-861258'),
(148, '', '', 20.00, '2024-11-05 14:33:21', 'HCC-026521'),
(149, '', '', 75.00, '2024-11-05 15:05:27', 'HCC-897082'),
(150, '', '', 50.00, '2024-11-05 15:05:37', 'HCC-999717'),
(151, '', '', 200.00, '2024-11-05 15:08:32', 'HCC-549271'),
(152, '0013389623', '', 15.00, '2024-11-05 15:15:59', 'HCC-066404'),
(153, '', 'cash', 25.00, '2024-11-06 10:56:40', 'HCC-847642'),
(154, '', 'cash', 25.00, '2024-11-06 11:17:09', 'HCC-447194'),
(155, '', 'cash', 292.00, '2024-11-06 20:22:16', 'HCC-657483'),
(156, '', 'cash', 235.00, '2024-11-06 20:28:38', 'HCC-656660'),
(157, '', 'cash', 679.00, '2024-11-06 20:34:54', 'HCC-013970'),
(158, '', 'cash', 447.00, '2024-11-06 22:00:03', 'HCC-038811'),
(159, '', 'cash', 405.00, '2024-11-06 22:06:53', 'HCC-971802'),
(160, '', 'cash', 590.00, '2024-11-06 22:19:34', 'HCC-904475'),
(161, '', 'cash', 50.00, '2024-11-06 22:45:47', 'HCC-732875'),
(162, '', 'cash', 25.00, '2024-11-09 05:54:18', 'HCC-766087'),
(163, '', 'cash', 25.00, '2024-11-09 08:04:03', 'HCC-455242'),
(164, '', 'cash', 25.00, '2024-11-09 08:20:51', 'HCC-577618'),
(165, '', 'cash', 25.00, '2024-11-09 08:21:35', 'HCC-221254'),
(166, '', 'cash', 10.00, '2024-11-09 08:22:31', 'HCC-738614'),
(168, '', 'cash', 12.00, '2024-11-09 08:23:59', 'HCC-066252'),
(169, '', 'cash', 25.00, '2024-11-09 08:25:39', 'HCC-861307'),
(170, '', 'cash', 12.00, '2024-11-09 08:28:16', 'HCC-874666'),
(172, '0013389623', '', 25.00, '2024-11-09 08:44:51', 'HCC-771517'),
(173, '0013389623', '', 25.00, '2024-11-09 08:47:33', 'HCC-595398'),
(174, '0013389623', '', 25.00, '2024-11-09 08:51:41', 'HCC-029698'),
(175, '0013389623', '', 25.00, '2024-11-09 08:53:42', 'HCC-032580'),
(176, '0013389623', '', 25.00, '2024-11-09 08:55:18', 'HCC-285782'),
(181, '0013389623', '', 25.00, '2024-11-09 09:27:29', 'HCC-486493'),
(182, '0013389623', '', 25.00, '2024-11-09 09:27:40', 'HCC-356175'),
(184, '0013389623', '', 12.00, '2024-11-09 09:29:59', 'HCC-208381'),
(185, '0013389623', '', 25.00, '2024-11-09 09:32:02', 'HCC-961368'),
(186, '', '', 12.00, '2024-11-09 09:38:30', 'HCC-229015'),
(187, '', '', 65.00, '2024-11-09 09:38:39', 'HCC-486764'),
(189, '0013389623', '', 10.00, '2024-11-09 09:39:21', 'HCC-446362'),
(190, '', '', 47.00, '2024-11-09 09:40:58', 'HCC-572574'),
(191, '0013389623', '', 125.00, '2024-11-09 09:42:59', 'HCC-454884'),
(192, '', '', 82.00, '2024-11-09 09:43:19', 'HCC-859083'),
(193, '0013389623', '', 25.00, '2024-11-09 09:44:10', 'HCC-313042'),
(194, '0013389623', '', 90.00, '2024-11-09 09:50:16', 'HCC-939767'),
(195, '0013389623', '', 65.00, '2024-11-09 16:54:15', 'HCC-431197'),
(197, '', '', 65.00, '2024-11-12 03:18:42', 'HCC-596697'),
(198, '', '', 20.00, '2024-11-12 05:27:21', 'HCC-473881'),
(199, '0013389623', '', 420.00, '2024-11-12 05:33:58', 'HCC-555266'),
(200, '0012258965', '', 55.00, '2024-11-12 05:55:33', 'HCC-853550'),
(201, '0012258965', '', 55.00, '2024-11-12 05:55:33', 'HCC-930255'),
(202, '0012258965', '', 55.00, '2024-11-12 05:55:33', 'HCC-031980'),
(203, '0012258965', '', 55.00, '2024-11-12 06:00:48', 'HCC-213007'),
(204, '0012258965', '', 55.00, '2024-11-12 06:00:48', 'HCC-630983'),
(205, '', '', 65.00, '2024-11-12 06:35:10', 'HCC-351146'),
(206, '', '', 162.00, '2024-11-16 08:23:15', 'HCC-218204'),
(207, '0013412479', '', 63.00, '2024-11-19 08:13:05', 'HCC-737942'),
(208, '0013412479', '', 110.00, '2024-11-19 08:15:05', 'HCC-502319'),
(210, '', '', 90.00, '2024-11-25 05:13:18', 'HCC-027142'),
(211, '', '', 38.00, '2024-11-25 05:14:09', 'HCC-725622'),
(212, '', '', 38.00, '2024-11-25 05:15:05', 'HCC-127429'),
(213, '', '', 38.00, '2024-11-25 05:15:40', 'HCC-976728'),
(214, '', '', 38.00, '2024-11-25 05:16:09', 'HCC-678863'),
(215, '', '', 38.00, '2024-11-25 05:17:39', 'HCC-157833'),
(217, '', '', 38.00, '2024-11-25 05:18:30', 'HCC-081187'),
(218, '0013389623', '', 38.00, '2024-11-25 05:37:42', 'HCC-257411'),
(219, '0013389623', '', 38.00, '2024-11-25 05:37:42', 'HCC-168480'),
(220, '0013389623', '', 38.00, '2024-11-25 05:37:42', 'HCC-121877'),
(221, '0013389623', '', 38.00, '2024-11-25 05:39:50', 'HCC-930234'),
(222, '0013389623', '', 38.00, '2024-11-25 05:40:05', 'HCC-327590'),
(223, '0013389623', '', 38.00, '2024-11-25 05:46:00', 'HCC-000995'),
(224, '0013389623', '', 120.00, '2024-11-25 05:47:10', 'HCC-957286'),
(225, '0013389623', '', 300.00, '2024-11-25 05:48:45', 'HCC-340545'),
(226, '0013389623', '', 300.00, '2024-11-25 05:48:45', 'HCC-349586'),
(227, '0013389623', '', 8.00, '2024-11-25 05:49:19', 'HCC-194549'),
(228, '', '', 19.00, '2024-11-25 07:26:16', 'HCC-102233'),
(229, '', '', 28.00, '2024-11-25 07:26:53', 'HCC-893862'),
(230, '', '', 28.00, '2024-11-25 07:30:04', 'HCC-378299'),
(231, '', '', 10.00, '2024-11-25 07:32:27', 'HCC-044891'),
(232, '', '', 10.00, '2024-11-25 07:34:09', 'HCC-335128'),
(233, '', '', 10.00, '2024-11-25 07:34:48', 'HCC-856464'),
(234, '', '', 10.00, '2024-11-25 07:37:28', 'HCC-281877'),
(235, '', '', 48.00, '2024-11-25 07:42:54', 'HCC-290701'),
(236, '', '', 73.00, '2024-11-25 07:44:10', 'HCC-241031'),
(237, '', '', 48.00, '2024-11-25 07:48:17', 'HCC-886217'),
(238, '', '', 175.00, '2024-11-25 07:49:59', 'HCC-384670'),
(239, '0013389623', '', 10.00, '2024-11-25 07:57:26', 'HCC-353600'),
(240, '0013389623', '', 10.00, '2024-11-25 08:01:15', 'HCC-985734'),
(241, '', '', 28.00, '2024-11-25 08:05:56', 'HCC-248141'),
(242, '0013389623', '', 20.00, '2024-11-25 08:06:11', 'HCC-208435'),
(243, '0013389623', '', 28.00, '2024-11-25 08:11:07', 'HCC-633317'),
(244, '0013389623', '', 10.00, '2024-11-25 08:11:28', 'HCC-616775'),
(245, '', '', 10.00, '2024-11-25 08:11:52', 'HCC-929987'),
(246, '0013389623', '', 10.00, '2024-11-25 08:14:35', 'HCC-463035'),
(247, '0013389623', '', 38.00, '2024-11-25 08:18:06', 'HCC-861119'),
(248, '0013389623', '', 20.00, '2024-11-25 08:19:26', 'HCC-953825'),
(249, '0013389623', '', 10.00, '2024-11-25 08:20:30', 'HCC-994676'),
(250, '', '', 10.00, '2024-11-25 08:21:07', 'HCC-284700'),
(251, '', '', 20.00, '2024-11-25 08:22:00', 'HCC-232691'),
(252, '0013389623', '', 20.00, '2024-11-25 08:22:39', 'HCC-822151'),
(253, '0013389623', '', 20.00, '2024-11-25 08:23:46', 'HCC-582288'),
(254, '0013389623', '', 20.00, '2024-11-25 08:24:15', 'HCC-694635'),
(255, '', '', 60.00, '2024-12-16 14:18:32', 'HCC-629925'),
(256, '', '', 127.00, '2024-12-17 05:27:24', 'HCC-559615'),
(257, '', '', 13.00, '2024-12-19 07:12:12', 'HCC-340826'),
(258, '', '', 60.00, '2024-12-19 07:15:05', 'HCC-731857'),
(259, '', '', 60.00, '2024-12-19 07:19:54', 'HCC-604820'),
(260, '', '', 60.00, '2024-12-19 07:20:35', 'HCC-203480'),
(261, '', '', 48.00, '2024-12-19 07:20:54', 'HCC-089156'),
(262, '', '', 48.00, '2024-12-19 07:21:42', 'HCC-856575'),
(263, '', '', 60.00, '2024-12-19 07:23:04', 'HCC-184700'),
(264, '', '', 60.00, '2024-12-19 07:24:31', 'HCC-627334'),
(265, '', '', 60.00, '2024-12-19 07:24:48', 'HCC-726668'),
(266, '', '', 60.00, '2024-12-19 07:25:10', 'HCC-176155'),
(267, '0013389623', '', 58.00, '2024-12-19 07:27:43', 'HCC-228855'),
(268, '0013389623', '', 48.00, '2024-12-19 07:30:00', 'HCC-997371'),
(269, '0013389623', '', 28.00, '2024-12-19 07:30:41', 'HCC-244683'),
(270, '0013389623', '', 50.00, '2024-12-19 07:30:52', 'HCC-377489'),
(271, '0013389623', '', 95.00, '2024-12-19 07:31:13', 'HCC-164781'),
(272, '', '', 27.00, '2024-12-19 07:38:13', 'HCC-582842'),
(273, '', '', 12.00, '2024-12-19 07:40:18', 'HCC-867414'),
(274, '', '', 20.00, '2024-12-19 07:41:57', 'HCC-273785'),
(275, '', '', 28.00, '2024-12-19 07:43:30', 'HCC-812470'),
(276, '', '', 191.00, '2024-12-19 07:46:02', 'HCC-298169'),
(277, '', '', 37.00, '2024-12-19 07:51:19', 'HCC-150406'),
(278, '', '', 12.00, '2024-12-19 07:53:12', 'HCC-815421'),
(279, '', '', 10.00, '2024-12-19 08:11:42', 'HCC-115314'),
(280, '', '', 30.00, '2024-12-19 08:14:02', 'HCC-818659'),
(281, '', '', 30.00, '2024-12-19 08:16:44', 'HCC-843222'),
(282, '', '', 58.00, '2024-12-19 08:19:31', 'HCC-667084'),
(283, '', '', 58.00, '2024-12-19 08:20:10', 'HCC-293807'),
(284, '', '', 10.00, '2024-12-19 08:21:15', 'HCC-803816'),
(285, '', '', 28.00, '2024-12-19 08:21:54', 'HCC-094352'),
(286, '', '', 12.00, '2024-12-19 08:22:49', 'HCC-298508'),
(287, '', '', 22.00, '2024-12-19 08:23:27', 'HCC-812791'),
(288, '', '', 10.00, '2024-12-19 08:23:45', 'HCC-672276'),
(289, '', '', 10.00, '2024-12-19 08:24:59', 'HCC-205667'),
(290, '0013389623', '', 22.00, '2024-12-19 08:33:48', 'HCC-980645'),
(291, '0013389623', '', 22.00, '2024-12-19 08:33:48', 'HCC-411513'),
(292, '0013389623', '', 10.00, '2024-12-19 08:34:45', 'HCC-454149'),
(293, '0013389623', '', 10.00, '2024-12-19 08:35:08', 'HCC-628315'),
(294, '0013412479', '', 27.00, '2024-12-19 08:35:52', 'HCC-987153'),
(295, '0013412479', '', 15.00, '2024-12-19 08:36:26', 'HCC-566278'),
(296, '0013412479', '', 15.00, '2024-12-19 08:36:26', 'HCC-271453'),
(297, '0013412479', '', 12.00, '2024-12-19 08:56:33', 'HCC-745717'),
(298, '0013412479', '', 12.00, '2024-12-19 08:56:33', 'HCC-800358'),
(299, '0013412479', '', 12.00, '2024-12-19 08:58:49', 'HCC-777179'),
(300, '0013412479', '', 12.00, '2024-12-19 08:58:49', 'HCC-744202'),
(301, '', '', 1.00, '2024-12-19 10:37:30', 'HCC-526492'),
(302, '', '', 14.00, '2024-12-19 10:38:58', 'HCC-451745'),
(303, '0013412479', '', 12.00, '2024-12-19 10:44:56', 'HCC-914659'),
(304, '0013412479', '', 27.00, '2024-12-19 10:47:28', 'HCC-584519'),
(305, '0013412479', '', 37.00, '2024-12-19 10:49:52', 'HCC-806118'),
(306, '', '', 588.00, '2024-12-19 10:58:09', 'HCC-850812'),
(307, '', '', 100.00, '2024-12-19 11:10:19', 'HCC-637819'),
(308, '45', '', 15.00, '2024-12-19 23:10:31', 'HCC-049263'),
(309, '0013389623', '', 12.00, '2024-12-19 23:20:02', 'HCC-708829'),
(310, '0013389623', '', 45.00, '2024-12-19 23:38:44', 'HCC-373499'),
(311, '', '', 230.00, '2024-12-27 04:30:15', 'HCC-402203'),
(312, '', '', 27.00, '2024-12-27 04:46:31', 'HCC-425795'),
(313, '', '', 27.00, '2024-12-27 04:51:51', 'HCC-814370'),
(314, '', '', 12.00, '2024-12-27 04:56:32', 'HCC-862983'),
(315, '', '', 12.00, '2024-12-27 05:01:20', 'HCC-929213'),
(316, '0013389623', '', 15.00, '2024-12-27 05:02:15', 'HCC-438037'),
(317, '0013389623', '', 15.00, '2024-12-27 05:02:59', 'HCC-783802'),
(318, '0013389623', '', 15.00, '2024-12-27 05:03:03', 'HCC-843843'),
(319, '0013389623', '', 15.00, '2024-12-27 05:03:03', 'HCC-257611'),
(320, '0013389623', '', 17.00, '2024-12-27 05:04:01', 'HCC-495363'),
(321, '0013389623', '', 17.00, '2024-12-27 05:05:00', 'HCC-241819'),
(322, '', '', 36.00, '2024-12-27 05:06:09', 'HCC-858256');

-- --------------------------------------------------------

--
-- Table structure for table `e_receipt_details`
--

CREATE TABLE `e_receipt_details` (
  `id` int(11) NOT NULL,
  `e_receipt_id` int(11) NOT NULL,
  `product_id` int(11) NOT NULL,
  `product_name` varchar(255) NOT NULL,
  `quantity_sold` int(11) NOT NULL,
  `total` decimal(10,2) NOT NULL,
  `transaction_number` varchar(20) NOT NULL
) ENGINE=InnoDB DEFAULT CHARSET=utf8mb4 COLLATE=utf8mb4_general_ci;

--
-- Dumping data for table `e_receipt_details`
--

INSERT INTO `e_receipt_details` (`id`, `e_receipt_id`, `product_id`, `product_name`, `quantity_sold`, `total`, `transaction_number`) VALUES
(22, 57, 81, 'Lucky Me Beef Spicy Labuyo', 4, 48.00, 'HCC-828545'),
(23, 57, 65, 'Coke', 0, 20.00, 'HCC-828545'),
(24, 57, 64, 'Cream O', -3, 12.00, 'HCC-828545'),
(25, 57, 76, 'Cheese Cake', -3, 10.00, 'HCC-828545'),
(26, 57, 68, 'Bravo', 1, 11.00, 'HCC-828545'),
(27, 58, 78, 'Dewberry', -5, 10.00, 'HCC-472886'),
(28, 58, 64, 'Cream O', -3, 12.00, 'HCC-472886'),
(29, 58, 65, 'Coke', 0, 20.00, 'HCC-472886'),
(30, 58, 76, 'Cheese Cake', -3, 10.00, 'HCC-472886'),
(31, 58, 68, 'Bravo', 1, 11.00, 'HCC-472886'),
(32, 58, 74, '7 up', -3, 25.00, 'HCC-472886'),
(33, 58, 56, 'Dinuguan with Rice', 1, 65.00, 'HCC-472886'),
(34, 58, 59, 'Fried Chicken with Rice', 0, 60.00, 'HCC-472886'),
(35, 58, 70, 'FudgeeBarr', -2, 10.00, 'HCC-472886'),
(36, 58, 81, 'Lucky Me Beef Spicy Labuyo', 1, 12.00, 'HCC-472886'),
(37, 58, 60, 'Lugaw', 1, 15.00, 'HCC-472886'),
(38, 58, 69, 'Max Candy', -1, 2.00, 'HCC-472886'),
(39, 59, 76, 'Cheese Cake', -3, 10.00, 'HCC-420834'),
(40, 59, 68, 'Bravo', 1, 11.00, 'HCC-420834'),
(41, 59, 64, 'Cream O', -3, 12.00, 'HCC-420834'),
(42, 59, 60, 'Lugaw', 1, 15.00, 'HCC-420834'),
(43, 59, 69, 'Max Candy', -1, 2.00, 'HCC-420834'),
(44, 64, 68, 'Bravo', 1, 11.00, 'HCC-705001'),
(45, 64, 74, '7 up', -3, 25.00, 'HCC-705001'),
(46, 65, 76, 'Cheese Cake', -3, 10.00, 'HCC-269347'),
(47, 65, 68, 'Bravo', 1, 11.00, 'HCC-269347'),
(48, 66, 76, 'Cheese Cake', -3, 10.00, 'HCC-759449'),
(49, 67, 76, 'Cheese Cake', -3, 10.00, 'HCC-043561'),
(50, 68, 76, 'Cheese Cake', -3, 10.00, 'HCC-348522'),
(51, 69, 68, 'Bravo', 1, 11.00, 'HCC-500290'),
(52, 70, 74, '7 up', -3, 25.00, 'HCC-047265'),
(53, 70, 68, 'Bravo', 1, 11.00, 'HCC-047265'),
(54, 70, 76, 'Cheese Cake', -3, 10.00, 'HCC-047265'),
(55, 71, 74, '7 up', -3, 25.00, 'HCC-928445'),
(56, 71, 68, 'Bravo', 1, 11.00, 'HCC-928445'),
(57, 71, 76, 'Cheese Cake', -3, 10.00, 'HCC-928445'),
(58, 71, 64, 'Cream O', -3, 12.00, 'HCC-928445'),
(59, 72, 68, 'Bravo', 1, 11.00, 'HCC-892130'),
(60, 72, 65, 'Coke', 0, 20.00, 'HCC-892130'),
(61, 73, 78, 'Dewberry', -5, 10.00, 'HCC-126232'),
(62, 73, 64, 'Cream O', -3, 12.00, 'HCC-126232'),
(63, 74, 74, '7 up', -3, 25.00, 'HCC-448661'),
(64, 74, 68, 'Bravo', 1, 11.00, 'HCC-448661'),
(66, 75, 65, 'Coke', 0, 20.00, 'HCC-113001'),
(67, 76, 65, 'Coke', 0, 20.00, 'HCC-796229'),
(68, 77, 65, 'Coke', 0, 20.00, 'HCC-673935'),
(69, 76, 76, 'Cheese Cake', -3, 10.00, 'HCC-796229'),
(70, 77, 76, 'Cheese Cake', -3, 10.00, 'HCC-673935'),
(71, 76, 68, 'Bravo', 1, 11.00, 'HCC-796229'),
(72, 77, 68, 'Bravo', 1, 11.00, 'HCC-673935'),
(73, 78, 78, 'Dewberry', -5, 10.00, 'HCC-291051'),
(74, 78, 56, 'Dinuguan with Rice', 1, 65.00, 'HCC-291051'),
(75, 78, 59, 'Fried Chicken with Rice', 0, 60.00, 'HCC-291051'),
(76, 79, 68, 'Bravo', 1, 11.00, 'HCC-299056'),
(77, 79, 76, 'Cheese Cake', -3, 10.00, 'HCC-299056'),
(78, 79, 65, 'Coke', 0, 20.00, 'HCC-299056'),
(79, 80, 56, 'Dinuguan with Rice', 1, 65.00, 'HCC-335228'),
(80, 80, 59, 'Fried Chicken with Rice', 0, 60.00, 'HCC-335228'),
(81, 80, 60, 'Lugaw', 1, 15.00, 'HCC-335228'),
(82, 80, 69, 'Max Candy', -1, 2.00, 'HCC-335228'),
(83, 81, 74, '7 up', -3, 25.00, 'HCC-343993'),
(84, 82, 74, '7 up', -3, 25.00, 'HCC-129491'),
(85, 81, 68, 'Bravo', 1, 11.00, 'HCC-343993'),
(86, 82, 68, 'Bravo', 1, 11.00, 'HCC-129491'),
(87, 81, 76, 'Cheese Cake', -3, 10.00, 'HCC-343993'),
(88, 83, 74, '7 up', -3, 25.00, 'HCC-380849'),
(89, 82, 76, 'Cheese Cake', -3, 10.00, 'HCC-129491'),
(90, 83, 68, 'Bravo', 1, 11.00, 'HCC-380849'),
(91, 83, 76, 'Cheese Cake', -3, 10.00, 'HCC-380849'),
(92, 84, 76, 'Cheese Cake', -3, 10.00, 'HCC-810818'),
(93, 85, 76, 'Cheese Cake', -3, 10.00, 'HCC-647049'),
(97, 87, 78, 'Dewberry', -5, 10.00, 'HCC-450707'),
(98, 87, 64, 'Cream O', -3, 12.00, 'HCC-450707'),
(99, 88, 64, 'Cream O', -3, 12.00, 'HCC-158318'),
(100, 89, 65, 'Coke', 0, 20.00, 'HCC-979216'),
(101, 89, 64, 'Cream O', -3, 12.00, 'HCC-979216'),
(102, 90, 64, 'Cream O', -3, 12.00, 'HCC-775940'),
(103, 90, 65, 'Coke', 0, 20.00, 'HCC-775940'),
(104, 91, 64, 'Cream O', -3, 12.00, 'HCC-756314'),
(105, 91, 65, 'Coke', 0, 20.00, 'HCC-756314'),
(106, 92, 64, 'Cream O', -3, 12.00, 'HCC-949615'),
(107, 92, 65, 'Coke', 0, 20.00, 'HCC-949615'),
(108, 93, 64, 'Cream O', -3, 12.00, 'HCC-313572'),
(109, 94, 64, 'Cream O', -3, 12.00, 'HCC-242579'),
(110, 94, 65, 'Coke', 0, 20.00, 'HCC-242579'),
(111, 95, 64, 'Cream O', -3, 12.00, 'HCC-783941'),
(112, 96, 64, 'Cream O', -3, 12.00, 'HCC-263812'),
(113, 96, 65, 'Coke', 0, 20.00, 'HCC-263812'),
(114, 97, 64, 'Cream O', -3, 12.00, 'HCC-827697'),
(115, 98, 64, 'Cream O', -3, 12.00, 'HCC-660354'),
(116, 99, 64, 'Cream O', -2, 24.00, 'HCC-280126'),
(117, 99, 76, 'Cheese Cake', -3, 10.00, 'HCC-280126'),
(118, 99, 68, 'Bravo', 1, 11.00, 'HCC-280126'),
(119, 99, 74, '7 up', -3, 25.00, 'HCC-280126'),
(120, 100, 74, '7 up', -3, 25.00, 'HCC-406492'),
(121, 101, 74, '7 up', -3, 25.00, 'HCC-563490'),
(122, 102, 64, 'Cream O', -3, 12.00, 'HCC-442421'),
(123, 102, 65, 'Coke', 0, 20.00, 'HCC-442421'),
(124, 102, 68, 'Bravo', 1, 11.00, 'HCC-442421'),
(125, 103, 64, 'Cream O', -3, 12.00, 'HCC-603740'),
(126, 104, 64, 'Cream O', -3, 12.00, 'HCC-895088'),
(127, 106, 64, 'Cream O', -3, 12.00, 'HCC-322690'),
(128, 105, 64, 'Cream O', -3, 12.00, 'HCC-502730'),
(129, 107, 65, 'Coke', 0, 20.00, 'HCC-527426'),
(130, 108, 65, 'Coke', 0, 20.00, 'HCC-289319'),
(131, 109, 65, 'Coke', 0, 20.00, 'HCC-765671'),
(132, 110, 68, 'Bravo', 1, 11.00, 'HCC-373051'),
(133, 111, 68, 'Bravo', 1, 11.00, 'HCC-363781'),
(134, 112, 74, '7 up', -3, 25.00, 'HCC-325675'),
(135, 113, 74, '7 up', -3, 25.00, 'HCC-413576'),
(136, 114, 74, '7 up', -3, 25.00, 'HCC-982355'),
(137, 115, 74, '7 up', -3, 25.00, 'HCC-861218'),
(138, 116, 74, '7 up', -3, 25.00, 'HCC-201844'),
(139, 117, 74, '7 up', -3, 25.00, 'HCC-639542'),
(140, 119, 74, '7 up', -3, 25.00, 'HCC-222417'),
(141, 118, 74, '7 up', -3, 25.00, 'HCC-680287'),
(142, 120, 74, '7 up', -3, 25.00, 'HCC-436384'),
(143, 121, 74, '7 up', -3, 25.00, 'HCC-968198'),
(144, 122, 74, '7 up', -3, 25.00, 'HCC-884668'),
(145, 123, 74, '7 up', -3, 25.00, 'HCC-991302'),
(146, 124, 74, '7 up', -3, 25.00, 'HCC-330216'),
(147, 125, 74, '7 up', -3, 25.00, 'HCC-698362'),
(148, 126, 74, '7 up', -3, 25.00, 'HCC-276944'),
(149, 128, 74, '7 up', -3, 25.00, 'HCC-541342'),
(150, 127, 74, '7 up', -3, 25.00, 'HCC-206516'),
(151, 129, 74, '7 up', -3, 25.00, 'HCC-347934'),
(152, 130, 74, '7 up', -3, 25.00, 'HCC-532369'),
(153, 131, 74, '7 up', -3, 25.00, 'HCC-768179'),
(154, 132, 74, '7 up', -3, 25.00, 'HCC-234279'),
(155, 133, 74, '7 up', -3, 25.00, 'HCC-289221'),
(156, 134, 74, '7 up', -3, 25.00, 'HCC-222702'),
(157, 135, 74, '7 up', -3, 25.00, 'HCC-141252'),
(158, 136, 74, '7 up', -3, 25.00, 'HCC-022787'),
(159, 137, 74, '7 up', -3, 25.00, 'HCC-189060'),
(160, 138, 74, '7 up', -3, 25.00, 'HCC-658143'),
(161, 139, 74, '7 up', -3, 25.00, 'HCC-862099'),
(162, 140, 74, '7 up', -3, 25.00, 'HCC-005227'),
(163, 141, 74, '7 up', -3, 25.00, 'HCC-511859'),
(164, 142, 74, '7 up', -3, 25.00, 'HCC-292096'),
(165, 143, 74, '7 up', -3, 25.00, 'HCC-157406'),
(166, 144, 74, '7 up', -3, 25.00, 'HCC-463802'),
(167, 145, 74, '7 up', -3, 25.00, 'HCC-196180'),
(168, 146, 68, 'Bravo', 1, 11.00, 'HCC-873416'),
(170, 146, 67, 'Mentos Candy', 1, 2.00, 'HCC-873416'),
(171, 146, 69, 'Max Candy', -1, 2.00, 'HCC-873416'),
(172, 146, 79, 'Snacku', 1, 15.00, 'HCC-873416'),
(175, 147, 81, 'Lucky Me Beef Spicy Labuyo', 1, 12.00, 'HCC-861258'),
(183, 155, 74, '7 up', -3, 25.00, 'HCC-657483'),
(185, 155, 56, 'Dinuguan with Rice', 1, 65.00, 'HCC-657483'),
(187, 156, 74, '7 up', -3, 25.00, 'HCC-656660'),
(199, 158, 74, '7 up', -3, 25.00, 'HCC-038811'),
(211, 160, 68, 'Bravo', 1, 11.00, 'HCC-904475'),
(215, 160, 70, 'FudgeeBarr', -2, 30.00, 'HCC-904475'),
(216, 160, 62, 'Piatos', 1, 57.00, 'HCC-904475'),
(217, 160, 63, 'nova', 1, 54.00, 'HCC-904475'),
(218, 160, 67, 'Mentos Candy', 1, 4.00, 'HCC-904475'),
(219, 161, 74, '7 up', -2, 50.00, 'HCC-732875'),
(220, 162, 74, '7 up', -2, 25.00, 'HCC-766087'),
(221, 163, 74, '7 up', -2, 25.00, 'HCC-455242'),
(223, 168, 64, 'Cream O', -2, 12.00, 'HCC-066252'),
(224, 169, 74, '7 up', -2, 25.00, 'HCC-861307'),
(225, 170, 64, 'Cream O', -2, 12.00, 'HCC-874666'),
(227, 172, 74, '7 up', -2, 25.00, 'HCC-771517'),
(228, 173, 74, '7 up', -2, 25.00, 'HCC-595398'),
(229, 174, 74, '7 up', -2, 25.00, 'HCC-029698'),
(230, 175, 74, '7 up', -2, 25.00, 'HCC-032580'),
(231, 176, 74, '7 up', -2, 25.00, 'HCC-285782'),
(236, 181, 74, '7 up', -1, 25.00, 'HCC-486493'),
(237, 182, 74, '7 up', -1, 25.00, 'HCC-356175'),
(239, 184, 64, 'Cream O', 1, 12.00, 'HCC-208381'),
(240, 185, 74, '7 up', 0, 25.00, 'HCC-961368'),
(241, 186, 64, 'Cream O', 1, 12.00, 'HCC-229015'),
(242, 187, 56, 'Dinuguan with Rice', 1, 65.00, 'HCC-486764'),
(244, 189, 78, 'Dewberry', -2, 10.00, 'HCC-446362'),
(245, 190, 64, 'Cream O', 1, 12.00, 'HCC-572574'),
(246, 190, 76, 'Cheese Cake', -1, 10.00, 'HCC-572574'),
(247, 190, 74, '7 up', 0, 25.00, 'HCC-572574'),
(248, 191, 59, 'Fried Chicken with Rice', 0, 60.00, 'HCC-454884'),
(249, 191, 56, 'Dinuguan with Rice', 1, 65.00, 'HCC-454884'),
(250, 192, 81, 'Lucky Me Beef Spicy Labuyo', 1, 12.00, 'HCC-859083'),
(251, 192, 70, 'FudgeeBarr', -2, 10.00, 'HCC-859083'),
(252, 192, 59, 'Fried Chicken with Rice', 0, 60.00, 'HCC-859083'),
(253, 193, 74, '7 up', 0, 25.00, 'HCC-313042'),
(254, 194, 74, '7 up', 0, 25.00, 'HCC-939767'),
(255, 194, 56, 'Dinuguan with Rice', 1, 65.00, 'HCC-939767'),
(256, 195, 56, 'Dinuguan with Rice', 1, 65.00, 'HCC-431197'),
(261, 197, 78, 'Dewberry', -1, 10.00, 'HCC-596697'),
(262, 197, 76, 'Cheese Cake', -1, 10.00, 'HCC-596697'),
(263, 197, 83, 'Dutch Milk', 0, 20.00, 'HCC-596697'),
(264, 197, 74, '7 up', 0, 25.00, 'HCC-596697'),
(265, 198, 83, 'Dutch Milk', 0, 20.00, 'HCC-473881'),
(266, 199, 59, 'Fried Chicken with Rice', 6, 420.00, 'HCC-555266'),
(267, 201, 83, 'Dutch Milk', 0, 20.00, 'HCC-930255'),
(268, 200, 83, 'Dutch Milk', 0, 20.00, 'HCC-853550'),
(269, 202, 83, 'Dutch Milk', 0, 20.00, 'HCC-031980'),
(270, 201, 76, 'Cheese Cake', -1, 10.00, 'HCC-930255'),
(271, 200, 76, 'Cheese Cake', -1, 10.00, 'HCC-853550'),
(272, 202, 76, 'Cheese Cake', -1, 10.00, 'HCC-031980'),
(273, 201, 74, '7 up', 0, 25.00, 'HCC-930255'),
(274, 200, 74, '7 up', 0, 25.00, 'HCC-853550'),
(275, 202, 74, '7 up', 0, 25.00, 'HCC-031980'),
(276, 203, 76, 'Cheese Cake', -1, 10.00, 'HCC-213007'),
(277, 204, 76, 'Cheese Cake', -1, 10.00, 'HCC-630983'),
(278, 203, 78, 'Dewberry', -1, 10.00, 'HCC-213007'),
(279, 204, 78, 'Dewberry', -1, 10.00, 'HCC-630983'),
(280, 203, 74, '7 up', 0, 25.00, 'HCC-213007'),
(281, 204, 74, '7 up', 0, 25.00, 'HCC-630983'),
(282, 203, 70, 'FudgeeBarr', 0, 10.00, 'HCC-213007'),
(283, 204, 70, 'FudgeeBarr', 0, 10.00, 'HCC-630983'),
(284, 205, 76, 'Cheese Cake', -1, 10.00, 'HCC-351146'),
(285, 205, 78, 'Dewberry', -1, 10.00, 'HCC-351146'),
(286, 205, 83, 'Dutch Milk', 0, 20.00, 'HCC-351146'),
(287, 205, 74, '7 up', 0, 25.00, 'HCC-351146'),
(288, 206, 78, 'Dewberry', -1, 10.00, 'HCC-218204'),
(291, 206, 74, '7 up', 0, 25.00, 'HCC-218204'),
(292, 206, 81, 'Lucky Me Beef Spicy Labuyo', 1, 12.00, 'HCC-218204'),
(294, 206, 60, 'Lugaw', 1, 15.00, 'HCC-218204'),
(296, 207, 74, '7 up', 0, 25.00, 'HCC-737942'),
(297, 207, 76, 'Cheese Cake', 0, 10.00, 'HCC-737942'),
(298, 207, 84, 'Chuckie', -7, 28.00, 'HCC-737942'),
(299, 208, 70, 'FudgeeBarr', 1, 10.00, 'HCC-502319'),
(300, 208, 59, 'Fried Chicken with Rice', 1, 60.00, 'HCC-502319'),
(301, 208, 83, 'Dutch Milk', 1, 20.00, 'HCC-502319'),
(302, 208, 63, 'nova', 1, 18.00, 'HCC-502319'),
(303, 208, 67, 'Mentos Candy', 1, 2.00, 'HCC-502319'),
(308, 210, 74, '7 up', 1, 25.00, 'HCC-027142'),
(310, 211, 78, 'Dewberry', 0, 10.00, 'HCC-725622'),
(313, 212, 78, 'Dewberry', 0, 10.00, 'HCC-127429'),
(315, 213, 78, 'Dewberry', 0, 10.00, 'HCC-976728'),
(317, 214, 78, 'Dewberry', 0, 10.00, 'HCC-678863'),
(318, 215, 78, 'Dewberry', 0, 10.00, 'HCC-157833'),
(323, 217, 78, 'Dewberry', 1, 10.00, 'HCC-081187'),
(324, 218, 84, 'Chuckie', 1, 28.00, 'HCC-257411'),
(325, 219, 84, 'Chuckie', 1, 28.00, 'HCC-168480'),
(326, 220, 84, 'Chuckie', 1, 28.00, 'HCC-121877'),
(327, 218, 76, 'Cheese Cake', 1, 10.00, 'HCC-257411'),
(328, 219, 76, 'Cheese Cake', 1, 10.00, 'HCC-168480'),
(329, 220, 76, 'Cheese Cake', 1, 10.00, 'HCC-121877'),
(330, 221, 84, 'Chuckie', 1, 28.00, 'HCC-930234'),
(331, 221, 78, 'Dewberry', 1, 10.00, 'HCC-930234'),
(332, 222, 78, 'Dewberry', 1, 10.00, 'HCC-327590'),
(333, 222, 84, 'Chuckie', 1, 28.00, 'HCC-327590'),
(334, 223, 76, 'Cheese Cake', 1, 10.00, 'HCC-000995'),
(335, 223, 84, 'Chuckie', 1, 28.00, 'HCC-000995'),
(336, 224, 71, 'Rebisco Cracker', 10, 120.00, 'HCC-957286'),
(337, 225, 59, 'Fried Chicken with Rice', 5, 300.00, 'HCC-340545'),
(338, 226, 59, 'Fried Chicken with Rice', 5, 300.00, 'HCC-349586'),
(339, 227, 82, 'spicy', 8, 8.00, 'HCC-194549'),
(340, 228, 62, 'Piatos', 1, 19.00, 'HCC-102233'),
(341, 229, 84, 'Chuckie', 1, 28.00, 'HCC-893862'),
(342, 230, 84, 'Chuckie', 1, 28.00, 'HCC-378299'),
(343, 231, 76, 'Cheese Cake', 1, 10.00, 'HCC-044891'),
(344, 232, 76, 'Cheese Cake', 1, 10.00, 'HCC-335128'),
(345, 233, 76, 'Cheese Cake', 1, 10.00, 'HCC-856464'),
(346, 234, 76, 'Cheese Cake', 1, 10.00, 'HCC-281877'),
(347, 235, 78, 'Dewberry', 1, 10.00, 'HCC-290701'),
(348, 235, 84, 'Chuckie', 1, 28.00, 'HCC-290701'),
(349, 235, 76, 'Cheese Cake', 1, 10.00, 'HCC-290701'),
(350, 236, 76, 'Cheese Cake', 1, 10.00, 'HCC-241031'),
(351, 236, 74, '7 up', 1, 25.00, 'HCC-241031'),
(352, 236, 84, 'Chuckie', 1, 28.00, 'HCC-241031'),
(353, 236, 78, 'Dewberry', 1, 10.00, 'HCC-241031'),
(354, 237, 84, 'Chuckie', 1, 28.00, 'HCC-886217'),
(355, 237, 76, 'Cheese Cake', 1, 10.00, 'HCC-886217'),
(356, 237, 78, 'Dewberry', 1, 10.00, 'HCC-886217'),
(357, 238, 84, 'Chuckie', 1, 28.00, 'HCC-384670'),
(358, 238, 74, '7 up', 1, 25.00, 'HCC-384670'),
(359, 238, 76, 'Cheese Cake', 1, 10.00, 'HCC-384670'),
(360, 238, 78, 'Dewberry', 1, 10.00, 'HCC-384670'),
(361, 238, 81, 'Lucky Me Beef Spicy Labuyo', 1, 12.00, 'HCC-384670'),
(362, 238, 59, 'Fried Chicken with Rice', 1, 60.00, 'HCC-384670'),
(363, 238, 70, 'FudgeeBarr', 1, 10.00, 'HCC-384670'),
(364, 238, 83, 'Dutch Milk', 1, 20.00, 'HCC-384670'),
(365, 239, 78, 'Dewberry', 1, 10.00, 'HCC-353600'),
(366, 240, 78, 'Dewberry', 1, 10.00, 'HCC-985734'),
(367, 241, 84, 'Chuckie', 1, 28.00, 'HCC-248141'),
(368, 242, 83, 'Dutch Milk', 1, 20.00, 'HCC-208435'),
(369, 243, 84, 'Chuckie', 1, 28.00, 'HCC-633317'),
(370, 244, 78, 'Dewberry', 1, 10.00, 'HCC-616775'),
(371, 245, 78, 'Dewberry', 1, 10.00, 'HCC-929987'),
(372, 246, 78, 'Dewberry', 1, 10.00, 'HCC-463035'),
(373, 247, 84, 'Chuckie', 1, 28.00, 'HCC-861119'),
(374, 247, 78, 'Dewberry', 1, 10.00, 'HCC-861119'),
(375, 248, 83, 'Dutch Milk', 1, 20.00, 'HCC-953825'),
(376, 249, 78, 'Dewberry', 1, 10.00, 'HCC-994676'),
(377, 250, 78, 'Dewberry', 1, 10.00, 'HCC-284700'),
(378, 251, 83, 'Dutch Milk', 1, 20.00, 'HCC-232691'),
(379, 252, 83, 'Dutch Milk', 1, 20.00, 'HCC-822151'),
(380, 253, 83, 'Dutch Milk', 1, 20.00, 'HCC-582288'),
(381, 254, 83, 'Dutch Milk', 1, 20.00, 'HCC-694635'),
(382, 255, 59, 'Fried Chicken with Rice', 1, 60.00, 'HCC-629925'),
(383, 256, 79, 'Snacku', 1, 15.00, 'HCC-559615'),
(384, 256, 82, 'spicy', 1, 1.00, 'HCC-559615'),
(385, 256, 58, 'Pork Giniling with rice', 1, 65.00, 'HCC-559615'),
(386, 256, 62, 'Piatos', 1, 19.00, 'HCC-559615'),
(387, 256, 81, 'Lucky Me Beef Spicy Labuyo', 1, 12.00, 'HCC-559615'),
(388, 256, 60, 'Lugaw', 1, 15.00, 'HCC-559615'),
(389, 257, 86, '35', 1, 1.00, 'HCC-340826'),
(390, 257, 88, 'adasdaaaa', 1, 12.00, 'HCC-340826'),
(391, 258, 59, 'Fried Chicken with Rice', 1, 60.00, 'HCC-731857'),
(392, 259, 59, 'Fried Chicken with Rice', 1, 60.00, 'HCC-604820'),
(393, 260, 59, 'Fried Chicken with Rice', 1, 60.00, 'HCC-203480'),
(394, 261, 83, 'Dutch Milk', 1, 20.00, 'HCC-089156'),
(395, 261, 84, 'Chuckie', 1, 28.00, 'HCC-089156'),
(396, 262, 83, 'Dutch Milk', 1, 20.00, 'HCC-856575'),
(397, 262, 84, 'Chuckie', 1, 28.00, 'HCC-856575'),
(398, 263, 59, 'Fried Chicken with Rice', 1, 60.00, 'HCC-184700'),
(399, 264, 59, 'Fried Chicken with Rice', 1, 60.00, 'HCC-627334'),
(400, 265, 59, 'Fried Chicken with Rice', 1, 60.00, 'HCC-726668'),
(401, 266, 59, 'Fried Chicken with Rice', 1, 60.00, 'HCC-176155'),
(402, 267, 70, 'FudgeeBarr', 1, 10.00, 'HCC-228855'),
(403, 267, 83, 'Dutch Milk', 1, 20.00, 'HCC-228855'),
(404, 267, 84, 'Chuckie', 1, 28.00, 'HCC-228855'),
(405, 268, 84, 'Chuckie', 1, 28.00, 'HCC-997371'),
(406, 268, 83, 'Dutch Milk', 1, 20.00, 'HCC-997371'),
(407, 269, 84, 'Chuckie', 1, 28.00, 'HCC-244683'),
(408, 270, 83, 'Dutch Milk', 1, 20.00, 'HCC-377489'),
(409, 270, 84, 'Chuckie', 1, 28.00, 'HCC-377489'),
(410, 270, 87, 'adaaaa', 1, 2.00, 'HCC-377489'),
(411, 271, 81, 'Lucky Me Beef Spicy Labuyo', 1, 12.00, 'HCC-164781'),
(412, 271, 70, 'FudgeeBarr', 1, 10.00, 'HCC-164781'),
(413, 271, 83, 'Dutch Milk', 1, 20.00, 'HCC-164781'),
(414, 271, 84, 'Chuckie', 1, 28.00, 'HCC-164781'),
(415, 271, 74, '7 up', 1, 25.00, 'HCC-164781'),
(416, 272, 60, 'Lugaw', 1, 15.00, 'HCC-582842'),
(417, 272, 81, 'Lucky Me Beef Spicy Labuyo', 1, 12.00, 'HCC-582842'),
(418, 273, 81, 'Lucky Me Beef Spicy Labuyo', 1, 12.00, 'HCC-867414'),
(419, 274, 83, 'Dutch Milk', 1, 20.00, 'HCC-273785'),
(420, 275, 84, 'Chuckie', 1, 28.00, 'HCC-812470'),
(421, 276, 60, 'Lugaw', 1, 15.00, 'HCC-298169'),
(422, 276, 81, 'Lucky Me Beef Spicy Labuyo', 1, 12.00, 'HCC-298169'),
(423, 276, 70, 'FudgeeBarr', 1, 10.00, 'HCC-298169'),
(424, 276, 83, 'Dutch Milk', 1, 20.00, 'HCC-298169'),
(425, 276, 84, 'Chuckie', 1, 28.00, 'HCC-298169'),
(426, 276, 58, 'Pork Giniling with rice', 1, 65.00, 'HCC-298169'),
(427, 276, 62, 'Piatos', 1, 19.00, 'HCC-298169'),
(428, 276, 63, 'nova', 1, 18.00, 'HCC-298169'),
(429, 276, 67, 'Mentos Candy', 1, 2.00, 'HCC-298169'),
(430, 276, 69, 'Max Candy', 1, 2.00, 'HCC-298169'),
(431, 277, 60, 'Lugaw', 1, 15.00, 'HCC-150406'),
(432, 277, 81, 'Lucky Me Beef Spicy Labuyo', 1, 12.00, 'HCC-150406'),
(433, 277, 70, 'FudgeeBarr', 1, 10.00, 'HCC-150406'),
(434, 278, 81, 'Lucky Me Beef Spicy Labuyo', 1, 12.00, 'HCC-815421'),
(435, 279, 70, 'FudgeeBarr', 1, 10.00, 'HCC-115314'),
(436, 280, 70, 'FudgeeBarr', 1, 10.00, 'HCC-818659'),
(437, 280, 83, 'Dutch Milk', 1, 20.00, 'HCC-818659'),
(438, 281, 70, 'FudgeeBarr', 1, 10.00, 'HCC-843222'),
(439, 281, 83, 'Dutch Milk', 1, 20.00, 'HCC-843222'),
(440, 282, 84, 'Chuckie', 1, 28.00, 'HCC-667084'),
(441, 282, 83, 'Dutch Milk', 1, 20.00, 'HCC-667084'),
(442, 282, 70, 'FudgeeBarr', 1, 10.00, 'HCC-667084'),
(443, 283, 83, 'Dutch Milk', 1, 20.00, 'HCC-293807'),
(444, 283, 84, 'Chuckie', 1, 28.00, 'HCC-293807'),
(445, 283, 70, 'FudgeeBarr', 1, 10.00, 'HCC-293807'),
(446, 284, 70, 'FudgeeBarr', 1, 10.00, 'HCC-803816'),
(447, 285, 84, 'Chuckie', 1, 28.00, 'HCC-094352'),
(448, 286, 81, 'Lucky Me Beef Spicy Labuyo', 1, 12.00, 'HCC-298508'),
(449, 287, 81, 'Lucky Me Beef Spicy Labuyo', 1, 12.00, 'HCC-812791'),
(450, 287, 70, 'FudgeeBarr', 1, 10.00, 'HCC-812791'),
(451, 288, 70, 'FudgeeBarr', 1, 10.00, 'HCC-672276'),
(452, 289, 70, 'FudgeeBarr', 1, 10.00, 'HCC-205667'),
(453, 290, 81, 'Lucky Me Beef Spicy Labuyo', 1, 12.00, 'HCC-980645'),
(454, 291, 81, 'Lucky Me Beef Spicy Labuyo', 1, 12.00, 'HCC-411513'),
(455, 290, 70, 'FudgeeBarr', 1, 10.00, 'HCC-980645'),
(456, 291, 70, 'FudgeeBarr', 1, 10.00, 'HCC-411513'),
(457, 292, 70, 'FudgeeBarr', 1, 10.00, 'HCC-454149'),
(458, 293, 70, 'FudgeeBarr', 1, 10.00, 'HCC-628315'),
(459, 294, 81, 'Lucky Me Beef Spicy Labuyo', 1, 12.00, 'HCC-987153'),
(460, 294, 60, 'Lugaw', 1, 15.00, 'HCC-987153'),
(461, 295, 60, 'Lugaw', 1, 15.00, 'HCC-566278'),
(462, 296, 60, 'Lugaw', 1, 15.00, 'HCC-271453'),
(463, 297, 81, 'Lucky Me Beef Spicy Labuyo', 1, 12.00, 'HCC-745717'),
(464, 298, 81, 'Lucky Me Beef Spicy Labuyo', 1, 12.00, 'HCC-800358'),
(465, 299, 81, 'Lucky Me Beef Spicy Labuyo', 1, 12.00, 'HCC-777179'),
(466, 300, 81, 'Lucky Me Beef Spicy Labuyo', 1, 12.00, 'HCC-744202'),
(467, 301, 89, 'Test', 1, 1.00, 'HCC-526492'),
(468, 302, 89, 'Test', 14, 14.00, 'HCC-451745'),
(469, 303, 81, 'Lucky Me Beef Spicy Labuyo', 1, 12.00, 'HCC-914659'),
(470, 304, 60, 'Lugaw', 1, 15.00, 'HCC-584519'),
(471, 304, 81, 'Lucky Me Beef Spicy Labuyo', 1, 12.00, 'HCC-584519'),
(472, 305, 60, 'Lugaw', 1, 15.00, 'HCC-806118'),
(473, 305, 81, 'Lucky Me Beef Spicy Labuyo', 1, 12.00, 'HCC-806118'),
(474, 305, 70, 'FudgeeBarr', 1, 10.00, 'HCC-806118'),
(475, 306, 81, 'Lucky Me Beef Spicy Labuyo', 1, 12.00, 'HCC-850812'),
(476, 306, 90, 'kupal', 1, 25.00, 'HCC-850812'),
(477, 306, 70, 'FudgeeBarr', 15, 150.00, 'HCC-850812'),
(478, 306, 69, 'Max Candy', 16, 32.00, 'HCC-850812'),
(479, 306, 60, 'Lugaw', 2, 30.00, 'HCC-850812'),
(480, 306, 63, 'nova', 2, 36.00, 'HCC-850812'),
(481, 306, 79, 'Snacku', 1, 15.00, 'HCC-850812'),
(482, 306, 71, 'Rebisco Cracker', 17, 204.00, 'HCC-850812'),
(483, 306, 58, 'Pork Giniling with rice', 1, 65.00, 'HCC-850812'),
(484, 306, 62, 'Piatos', 1, 19.00, 'HCC-850812'),
(485, 307, 91, 'itlog231313242435435354243232222222222222222222222222222222222222222222', 1, 100.00, 'HCC-637819'),
(486, 308, 60, 'Lugaw', 1, 15.00, 'HCC-049263'),
(487, 309, 81, 'Lucky Me Beef Spicy Labuyo', 1, 12.00, 'HCC-708829'),
(488, 310, 81, 'Lucky Me Beef Spicy Labuyo', 1, 12.00, 'HCC-373499'),
(489, 310, 60, 'Lugaw', 1, 15.00, 'HCC-373499'),
(490, 310, 63, 'nova', 1, 18.00, 'HCC-373499'),
(491, 311, 60, 'Lugaw', 2, 30.00, 'HCC-402203'),
(492, 311, 81, 'Lucky Me Beef Spicy Labuyo', 1, 12.00, 'HCC-402203'),
(493, 311, 62, 'Piatos', 1, 19.00, 'HCC-402203'),
(494, 311, 63, 'nova', 1, 18.00, 'HCC-402203'),
(495, 311, 67, 'Mentos Candy', 1, 2.00, 'HCC-402203'),
(496, 311, 69, 'Max Candy', 1, 2.00, 'HCC-402203'),
(497, 311, 55, 'Skinless with Rice', 1, 50.00, 'HCC-402203'),
(498, 311, 66, 'Royal', 1, 20.00, 'HCC-402203'),
(499, 311, 71, 'Rebisco Cracker', 1, 12.00, 'HCC-402203'),
(500, 311, 58, 'Pork Giniling with rice', 1, 65.00, 'HCC-402203'),
(501, 312, 60, 'Lugaw', 1, 15.00, 'HCC-425795'),
(502, 312, 81, 'Lucky Me Beef Spicy Labuyo', 1, 12.00, 'HCC-425795'),
(503, 313, 81, 'Lucky Me Beef Spicy Labuyo', 1, 12.00, 'HCC-814370'),
(504, 313, 60, 'Lugaw', 1, 15.00, 'HCC-814370'),
(505, 314, 81, 'Lucky Me Beef Spicy Labuyo', 1, 12.00, 'HCC-862983'),
(506, 315, 81, 'Lucky Me Beef Spicy Labuyo', 1, 12.00, 'HCC-929213'),
(507, 316, 60, 'Lugaw', 1, 15.00, 'HCC-438037'),
(508, 317, 60, 'Lugaw', 1, 15.00, 'HCC-783802'),
(509, 318, 60, 'Lugaw', 1, 15.00, 'HCC-843843'),
(510, 319, 60, 'Lugaw', 1, 15.00, 'HCC-257611'),
(511, 320, 60, 'Lugaw', 1, 15.00, 'HCC-495363'),
(512, 320, 69, 'Max Candy', 1, 2.00, 'HCC-495363'),
(513, 321, 69, 'Max Candy', 1, 2.00, 'HCC-241819'),
(514, 321, 60, 'Lugaw', 1, 15.00, 'HCC-241819'),
(515, 322, 69, 'Max Candy', 1, 2.00, 'HCC-858256'),
(516, 322, 60, 'Lugaw', 1, 15.00, 'HCC-858256'),
(517, 322, 62, 'Piatos', 1, 19.00, 'HCC-858256');

-- --------------------------------------------------------

--
-- Table structure for table `products`
--

CREATE TABLE `products` (
  `id` int(11) NOT NULL,
  `name` varchar(255) NOT NULL,
  `barcode` varchar(250) DEFAULT NULL,
  `quantity` int(11) NOT NULL,
  `image` varchar(255) NOT NULL,
  `expiry_date` date DEFAULT NULL,
  `market_price` decimal(10,2) NOT NULL,
  `selling_price` decimal(10,2) NOT NULL,
  `category` varchar(255) NOT NULL
) ENGINE=InnoDB DEFAULT CHARSET=utf8mb4 COLLATE=utf8mb4_general_ci;

--
-- Dumping data for table `products`
--

INSERT INTO `products` (`id`, `name`, `barcode`, `quantity`, `image`, `expiry_date`, `market_price`, `selling_price`, `category`) VALUES
(54, 'sopas', '8801062518098', 0, 'sopas.jpg', '2024-10-18', 20.00, 25.00, 'Breakfast Meals'),
(55, 'Skinless with Rice', '4800016677809', 21, 'skinless.jpg', '2024-10-18', 30.00, 50.00, 'Breakfast Meals'),
(56, 'Dinuguan with Rice', '9556437013898', 0, 'dinuguan rice.jpg', '2024-10-18', 50.00, 65.00, 'Lunch Meals'),
(57, 'Zesto', '0123456745650', 49, 'zesto.jpg', '2024-12-31', 8.00, 12.00, 'Drinks'),
(58, 'Pork Giniling with rice', '4902430160896', 11, 'pork-giniling-rice.jpg', '2024-10-18', 60.00, 65.00, 'Lunch Meals'),
(59, 'Fried Chicken with Rice', '4902505089213', 0, 'Pride siken.webp', '2024-10-18', 60.00, 60.00, 'Lunch Meals'),
(60, 'Lugaw', NULL, 0, 'lugaw.jpg', '2024-10-18', 10.00, 15.00, 'Breakfast Meals'),
(61, 'Water', '4800049720107', 44, 'nature spring.png', '2024-10-18', 6.00, 10.00, 'Drinks'),
(62, 'Piatos', NULL, 39, 'piattos-cheese-40g_2.jpg', '2025-01-02', 16.00, 19.00, 'Snacks'),
(63, 'nova', NULL, 14, 'nova.jpg', '2024-11-29', 15.00, 18.00, 'Snacks'),
(64, 'Cream O', NULL, 0, 'cream o.jpg', '2024-11-21', 10.00, 12.00, 'Snacks'),
(65, 'Coke', '4800016073960', -1, 'coke.webp', '2024-12-19', 15.00, 20.00, 'Drinks'),
(66, 'Royal', NULL, 49, 'royal.jpg', '2024-12-26', 25.00, 20.00, 'Drinks'),
(67, 'Mentos Candy', NULL, 36, 'mentos.jpg', '2024-12-28', 1.00, 2.00, 'Snacks'),
(68, 'Bravo', NULL, 0, 'bravo.jpg', '2024-11-17', 7.00, 11.00, 'Snacks'),
(69, 'Max Candy', NULL, 23, 'maxxx.jpg', '2024-12-25', 1.00, 2.00, 'Snacks'),
(70, 'FudgeeBarr', NULL, 0, 'piattos-cheese-40g_2.jpg', '2026-10-13', 8.00, 10.00, 'Snacks'),
(71, 'Rebisco Cracker', NULL, 32, 'rebisco-crackers.jpg', '2024-11-06', 18.00, 12.00, 'Crackers'),
(74, '7 up', '9578545203541', 0, '7up.jpg', '2024-12-28', 35.00, 25.00, 'Drinks'),
(75, 'Zec', '8801062518098', 40, '537a018e9b829a0993643f713326e81b.jpg', '2024-10-24', 20.00, 20.00, 'Snacks'),
(76, 'Cheese Cake', '1411000956805', 0, 'Cheesecake-Mock-Up-Inner-min-930x1024.png', '2024-12-28', 8.00, 10.00, 'Snacks'),
(77, 'Vitasoy', '4800016073960', 20, '7up.jpg', '2024-10-24', 10.00, 15.00, 'Drinks'),
(78, 'Dewberry', '4800016113055', 0, '537a018e9b829a0993643f713326e81b.jpg', '2024-10-22', 5.00, 10.00, 'Snacks'),
(79, 'Snacku', '8801062518098', 27, 'piattos-cheese-40g_2.jpg', '2024-10-22', 10.00, 15.00, 'Snacks'),
(81, 'Lucky Me Beef Spicy Labuyo', '4807770272325', 0, 'eb401bd605d39d24dc4353c4d59077bf.jpg', '2025-02-22', 8.00, 12.00, 'Breakfast Meals'),
(82, 'spicy', '4800016073960', 19, 'eb401bd605d39d24dc4353c4d59077bf.jpg', '2024-11-02', 1.00, 1.00, 'Breakfast Meals'),
(83, 'Dutch Milk', '9658045609485', -1, 'dutchmilk.jpg', '2024-12-28', 18.00, 20.00, 'Drinks'),
(84, 'Chuckie', '2347239872743', 51, 'af79f1dd875e99a3d266299648a705e0.jpg', '2024-11-30', 20.00, 28.00, 'Drinks'),
(85, 'Tocino', '66', 68, 'Screenshot_16-12-2024_212841_localhost.jpeg', '2024-12-16', 45.00, 60.00, 'Breakfast Meals'),
(86, '35', '123454321', 0, 'b6b0d34d-778f-4eaf-85ec-9130bce78c78.jpg', '2025-01-11', 1.00, 1.00, 'Drinks'),
(87, 'adaaaa', '1321332', 0, '23f591d4-b4df-44fc-9d20-58837b436768.jpg', '2024-12-20', 1.00, 2.00, 'Drinks'),
(88, 'adasdaaaa', '1112331313', 0, 'Screenshot_1-12-2024_18352_www.canva.com.jpeg', '2025-01-11', 10.00, 12.00, 'Breakfast Meals'),
(89, 'Test', '123456789', 0, '', '0000-00-00', 10.00, 1.00, 'Snacks'),
(90, 'kupal', '999999', 0, 'class schedule time date and teacher name in school.png', '2025-12-02', 1.00, 25.00, 'Drinks'),
(91, 'itlog231313242435435354243232222222222222222222222222222222222222222222', '200000000702', 79, 'class schedule time date and teacher name in school.png', '0000-00-00', 80.00, 100.00, 'Lunch Meals');

-- --------------------------------------------------------

--
-- Table structure for table `receipts`
--

CREATE TABLE `receipts` (
  `id` int(11) NOT NULL,
  `transaction_id` int(11) NOT NULL,
  `user_id` int(11) NOT NULL,
  `total_amount` decimal(10,2) NOT NULL,
  `payment_method` enum('cash','rfid') NOT NULL,
  `items` text NOT NULL,
  `issue_date` datetime DEFAULT current_timestamp()
) ENGINE=InnoDB DEFAULT CHARSET=utf8mb4 COLLATE=utf8mb4_general_ci;

-- --------------------------------------------------------

--
-- Table structure for table `return_sale`
--

CREATE TABLE `return_sale` (
  `id` int(11) NOT NULL,
  `transaction_number` varchar(25) NOT NULL,
  `transaction_number1` varchar(250) NOT NULL,
  `product_id` int(11) NOT NULL,
  `quantity` int(11) NOT NULL,
  `return_date` timestamp NOT NULL DEFAULT current_timestamp()
) ENGINE=InnoDB DEFAULT CHARSET=utf8mb4 COLLATE=utf8mb4_general_ci;

--
-- Dumping data for table `return_sale`
--

INSERT INTO `return_sale` (`id`, `transaction_number`, `transaction_number1`, `product_id`, `quantity`, `return_date`) VALUES
(1, '153', '', 74, 1, '2024-11-06 11:11:04'),
(2, '154', '', 74, 1, '2024-11-06 11:18:03'),
(3, '154', '', 74, 1, '2024-11-06 11:18:46'),
(4, '154', '', 74, 1, '2024-11-06 11:22:55'),
(5, '153', '', 74, 1, '2024-11-06 11:24:24'),
(6, '152', '', 60, 1, '2024-11-06 11:25:21'),
(7, '151', '', 74, 8, '2024-11-06 11:27:01'),
(8, '150', '', 74, 2, '2024-11-06 11:27:28'),
(9, '149', '', 74, 3, '2024-11-06 11:27:45'),
(10, '148', '', 75, 1, '2024-11-06 11:29:18'),
(11, '147', '', 74, 1, '2024-11-06 11:29:38'),
(12, '146', '', 62, 1, '2024-11-06 11:38:22'),
(13, '146', '', 70, 1, '2024-11-06 11:38:40'),
(14, '155', '', 59, 1, '2024-11-06 20:27:46'),
(15, '155', '', 68, 1, '2024-11-06 20:27:46'),
(16, '156', '', 59, 1, '2024-11-06 20:29:54'),
(17, '156', '', 70, 1, '2024-11-06 20:31:53'),
(18, '157', '', 56, 1, '2024-11-06 20:36:23'),
(19, '157', '', 58, 2, '2024-11-06 20:36:45'),
(20, '157', '', 59, 1, '2024-11-06 20:37:18'),
(21, '157', '', 62, 1, '2024-11-06 20:37:31'),
(22, '157', '', 63, 1, '2024-11-06 20:46:33'),
(23, '157', '', 70, 2, '2024-11-06 20:46:43'),
(24, '157', '', 71, 1, '2024-11-06 20:52:49'),
(25, '157', '', 74, 2, '2024-11-06 20:53:00'),
(26, '157', '', 81, 1, '2024-11-06 20:54:56'),
(27, '158', '', 56, 1, '2024-11-06 22:00:15'),
(28, '158', '', 59, 1, '2024-11-06 22:00:34'),
(29, '158', '', 60, 1, '2024-11-06 22:03:10'),
(30, '158', '', 60, 1, '2024-11-06 22:03:11'),
(31, '158', '', 60, 1, '2024-11-06 22:03:18'),
(32, '158', '', 70, 1, '2024-11-06 22:04:15'),
(33, '158', '', 81, 1, '2024-11-06 22:04:25'),
(34, '159', '', 56, 1, '2024-11-06 22:06:59'),
(35, '159', '', 59, 1, '2024-11-06 22:07:13'),
(36, '159', '', 70, 1, '2024-11-06 22:07:32'),
(37, '159', '', 74, 1, '2024-11-06 22:11:20'),
(38, '159', '', 74, 1, '2024-11-06 22:11:31'),
(39, '159', '', 74, 3, '2024-11-06 22:11:40'),
(40, '159', '', 74, 3, '2024-11-06 22:12:05'),
(41, '159', '', 74, 1, '2024-11-06 22:13:18'),
(42, '159', '', 74, 1, '2024-11-06 22:13:28'),
(43, '159', '', 74, 1, '2024-11-06 22:16:02'),
(44, '158', '', 68, 1, '2024-11-06 22:16:33'),
(45, '160', '', 56, 1, '2024-11-06 22:19:41'),
(46, '160', '', 56, 1, '2024-11-06 22:20:41'),
(47, '160', '', 59, 1, '2024-11-06 22:24:31'),
(48, '160', '', 62, 1, '2024-11-06 22:24:49'),
(49, '160', '', 63, 2, '2024-11-06 22:25:04'),
(50, '160', '', 62, 1, '2024-11-06 22:26:01'),
(51, '160', '', 67, 1, '2024-11-06 22:26:30'),
(52, '160', '', 70, 1, '2024-11-06 22:29:26'),
(53, '160', '', 74, 1, '2024-11-06 22:31:16'),
(54, '160', '', 74, 1, '2024-11-06 22:34:25'),
(55, '160', '', 70, 1, '2024-11-06 22:35:05'),
(56, '160', '', 74, 1, '2024-11-06 22:35:38'),
(57, '160', '', 81, 1, '2024-11-06 22:35:46'),
(58, '160', '', 81, 1, '2024-11-06 22:36:10'),
(59, '160', '', 56, 1, '2024-11-06 22:36:19'),
(60, '160', '', 74, 1, '2024-11-06 22:37:51'),
(62, 'HCC-995320', '', 64, 1, '2024-11-06 23:14:37'),
(63, 'HCC-995320', '', 64, 1, '2024-11-06 23:16:31'),
(64, 'HCC-995320', '', 64, 1, '2024-11-06 23:16:49'),
(65, 'HCC-995320', '', 65, 1, '2024-11-06 23:17:09'),
(66, 'HCC-113001', '', 76, 1, '2024-11-06 23:21:22'),
(67, 'HCC-995320', '', 78, 1, '2024-11-06 23:21:30'),
(68, 'HCC-732875', '', 74, 1, '2024-11-06 23:24:49'),
(69, 'HCC-799247', '', 78, 1, '2024-11-09 08:37:37'),
(70, 'HCC-339094', '', 64, 1, '2024-11-09 09:00:15'),
(71, 'HCC-947851', '', 64, 1, '2024-11-09 09:00:52'),
(72, 'HCC-226180', '', 64, 1, '2024-11-09 09:01:44'),
(73, 'HCC-648114', '', 74, 1, '2024-11-09 09:07:05'),
(74, 'HCC-294439', '', 76, 1, '2024-11-09 09:24:11'),
(75, 'HCC-782886', '', 74, 1, '2024-11-09 09:29:54'),
(76, 'HCC-560211', '', 78, 1, '2024-11-09 09:39:15'),
(77, 'HCC-076751', '', 66, 1, '2024-11-12 03:00:38'),
(78, 'HCC-076751', '', 69, 2, '2024-11-12 03:00:38'),
(79, 'HCC-076751', '', 70, 2, '2024-11-12 03:00:38'),
(80, 'HCC-076751', '', 78, 1, '2024-11-12 03:00:38'),
(81, 'HCC-218204', '', 59, 1, '2024-11-16 08:23:43'),
(82, 'HCC-218204', '', 70, 1, '2024-11-16 08:23:43'),
(83, 'HCC-218204', '', 76, 1, '2024-11-16 08:23:43'),
(84, 'HCC-218204', '', 83, 1, '2024-11-16 08:23:43'),
(85, 'HCC-632812', '', 74, 1, '2024-11-25 03:47:16'),
(86, 'HCC-632812', '', 76, 1, '2024-11-25 03:47:16'),
(87, 'HCC-632812', '', 78, 1, '2024-11-25 03:47:16'),
(88, 'HCC-632812', '', 84, 1, '2024-11-25 03:47:16'),
(89, 'HCC-027142', '', 58, 1, '2024-11-25 05:13:48'),
(90, 'HCC-725622', '', 84, 1, '2024-11-25 05:14:29'),
(91, 'HCC-127429', '', 84, 1, '2024-11-25 05:15:19'),
(92, 'HCC-976728', '', 84, 1, '2024-11-25 05:15:56'),
(93, 'HCC-678863', '', 84, 1, '2024-11-25 05:17:18'),
(94, 'HCC-157833', '', 84, 1, '2024-11-25 05:17:54'),
(95, 'HCC-902527', '', 78, 1, '2024-11-25 05:18:13'),
(96, 'HCC-902527', '', 84, 1, '2024-11-25 05:18:13'),
(97, 'HCC-081187', '', 84, 1, '2024-11-25 05:18:41');

-- --------------------------------------------------------

--
-- Table structure for table `rfid_history`
--

CREATE TABLE `rfid_history` (
  `id` int(11) NOT NULL,
  `rfid_code` varchar(50) NOT NULL,
  `user_name` varchar(50) NOT NULL,
  `action` enum('activated','deactivated') NOT NULL,
  `action_time` timestamp NULL DEFAULT current_timestamp(),
  `user_id` int(11) NOT NULL,
  `modified` varchar(250) NOT NULL
) ENGINE=InnoDB DEFAULT CHARSET=utf8mb4 COLLATE=utf8mb4_general_ci;

--
-- Dumping data for table `rfid_history`
--

INSERT INTO `rfid_history` (`id`, `rfid_code`, `user_name`, `action`, `action_time`, `user_id`, `modified`) VALUES
(5, 'sadmin', 'Super Admin To', 'activated', '2024-10-22 14:34:45', 9, ''),
(6, '0012245507', 'Grant Mikhail Cayaba Dela Cruz', 'deactivated', '2024-10-22 14:35:42', 7, ''),
(7, '0012245507', 'Grant Mikhail Cayaba Dela Cruz', 'activated', '2024-10-22 14:39:15', 7, ''),
(8, '0012245507', 'Grant Mikhail Cayaba Dela Cruz', 'deactivated', '2024-10-22 14:39:35', 7, ''),
(9, '0012245507', 'Grant Mikhail Cayaba Dela Cruz', 'activated', '2024-10-22 14:40:00', 7, ''),
(10, '0011793621', 'Abraham Ducha Flores', 'activated', '2024-10-22 14:40:08', 8, ''),
(11, '0012245507', 'Grant Mikhail Cayaba Dela Cruz', 'deactivated', '2024-10-22 14:41:12', 7, ''),
(12, 'sadmin', 'Super Admin To', 'deactivated', NULL, 9, ''),
(13, 'cstaff', 'Canteen Staff To', 'activated', '2024-10-22 14:45:41', 10, ''),
(14, '0012245507', 'Grant Mikhail Cayaba Dela Cruz', 'activated', '2024-10-22 14:46:10', 7, ''),
(15, '0011793621', 'Abraham Ducha Flores', 'activated', '2024-10-22 14:46:13', 8, ''),
(16, 'sadmin', 'Super Admin To', 'activated', '2024-10-22 14:46:16', 9, ''),
(17, 'cstaff', 'Canteen Staff To', 'activated', '2024-10-22 14:46:19', 10, ''),
(18, '0012245507', 'Grant Mikhail Cayaba Dela Cruz', 'deactivated', '2024-10-22 14:47:04', 7, ''),
(19, '0011793621', 'Abraham Ducha Flores', 'deactivated', '2024-10-22 14:47:46', 8, ''),
(20, '0012245507', 'Grant Mikhail Cayaba Dela Cruz', 'activated', '2024-10-22 14:48:00', 7, ''),
(21, '0011793621', 'Abraham Ducha Flores', 'activated', '2024-10-22 14:48:03', 8, ''),
(22, '0012258965', 'Test Test Test', 'deactivated', '2024-10-22 14:53:27', 13, ''),
(23, '0012258965', 'Test Test Test', 'activated', '2024-10-22 15:17:08', 13, ''),
(24, '0012258965', 'Test Test Test', 'deactivated', '2024-10-22 15:20:00', 13, ''),
(25, '0012258965', 'Test Test Test', 'activated', '2024-10-22 15:24:48', 13, ''),
(26, '0013442974', 'Test Test Test', 'deactivated', '2024-10-22 15:25:05', 16, ''),
(27, '0012258965', 'Test Test Test', 'deactivated', '2024-10-22 15:25:11', 13, ''),
(28, '0013442974', 'Test Test Test', 'activated', '2024-10-28 05:05:02', 16, ''),
(29, 'sadmin', 'Super Admin To', 'deactivated', '2024-10-28 05:05:10', 9, ''),
(30, 'sadmin', 'Super Admin To', 'activated', '2024-10-28 05:05:14', 9, ''),
(31, '0011793621', 'Abraham Ducha Flores', 'deactivated', '2024-10-28 05:07:50', 8, ''),
(32, 'sadmin', 'Super Admin To', 'deactivated', '2024-10-28 05:07:53', 9, ''),
(33, '0011793621', 'Abraham Ducha Flores', 'activated', '2024-10-28 05:09:20', 8, ''),
(34, 'sadmin', 'Super Admin To', 'activated', '2024-10-28 05:09:26', 9, ''),
(35, '0012245507', 'Grant Mikhail Cayaba Dela Cruz', 'deactivated', '2024-10-28 05:11:12', 7, ''),
(36, '0012245507', 'Grant Mikhail Cayaba Dela Cruz', 'activated', '2024-10-28 05:11:16', 7, ''),
(37, '0012245507', 'Grant Mikhail Cayaba Dela Cruz', 'deactivated', '2024-10-28 05:12:31', 7, ''),
(38, '0012245507', 'Grant Mikhail Cayaba Dela Cruz', 'activated', '2024-10-28 05:12:35', 7, ''),
(39, '0012245507', 'Grant Mikhail Cayaba Dela Cruz', 'deactivated', '2024-10-28 05:13:46', 7, ''),
(40, '0012245507', 'Grant Mikhail Cayaba Dela Cruz', 'activated', '2024-10-28 05:13:50', 7, ''),
(41, '0012245507', 'Grant Mikhail Cayaba Dela Cruz', 'activated', '2024-10-28 05:16:38', 7, ''),
(42, '0012245507', 'Grant Mikhail Cayaba Dela Cruz', 'activated', '2024-10-28 05:17:00', 7, ''),
(43, '0012245507', 'Grant Mikhail Cayaba Dela Cruz', 'activated', '2024-10-28 05:17:07', 7, ''),
(44, '0012245507', 'Grant Mikhail Cayaba Dela Cruz', 'activated', '2024-10-28 05:17:14', 7, ''),
(45, 'sadmin', 'Super Admin To', 'activated', '2024-11-06 16:49:15', 9, ''),
(46, '0012258965', 'Test Test Test', 'activated', '2024-11-06 16:49:27', 13, ''),
(47, '0013442974', 'Test Test Test', 'deactivated', '2024-11-06 16:51:49', 16, ''),
(48, '0013442974', 'Test Test Test', 'activated', '2024-11-06 16:52:29', 16, ''),
(49, '0013442974', 'Test Test Test', 'activated', '2024-11-06 16:54:06', 16, ''),
(50, '0013442974', 'Test Test Test', 'deactivated', '2024-11-06 16:54:14', 16, ''),
(51, '0013442974', 'Test Test Test', 'activated', '2024-11-06 16:55:00', 16, ''),
(52, '0013442974', 'Test Test Test', 'deactivated', '2024-11-06 16:55:10', 16, ''),
(53, '0013442974', 'Test Test Test', 'activated', '2024-11-06 21:40:33', 16, ''),
(54, '0012258965', 'Test Test Test', 'activated', '2024-11-06 21:40:37', 13, ''),
(55, 'sadmin', 'Super Admin To', 'activated', '2024-11-06 21:41:31', 9, ''),
(56, '0013442974', 'Test Test Test', 'deactivated', '2024-11-07 04:46:49', 16, ''),
(57, '0013442974', 'Test Test Test', 'activated', '2024-11-07 04:46:59', 16, ''),
(58, '0011793621', 'Abraham Ducha Flores', 'activated', '2024-11-11 20:06:04', 8, ''),
(59, 'sadmin', 'Super Admin To', 'activated', '2024-11-11 20:06:06', 9, ''),
(60, 'cstaff', 'Canteen  Staff', 'activated', '2024-11-11 20:06:30', 10, ''),
(61, 'cstaff', 'Canteen  Staff', 'activated', '2024-11-11 20:06:48', 10, ''),
(62, 'cstaff', 'Canteen  Staff', 'activated', '2024-11-11 20:11:55', 10, ''),
(63, 'cashierhcc', 'Cashier  To', 'activated', '2024-11-11 20:11:57', 11, ''),
(64, '0013389623', 'James Andrew Adriano Beley', 'activated', '2024-11-11 20:12:11', 14, ''),
(65, '0012245507', 'Grant Mikhail Cayaba Dela Cruz', 'activated', '2024-11-11 20:12:22', 7, ''),
(66, '0012245507', 'Grant Mikhail Cayaba Dela Cruz', 'activated', '2024-11-11 20:12:30', 7, ''),
(67, '0012245507', 'Grant Mikhail Cayaba Dela Cruz', 'activated', '2024-11-11 20:28:18', 7, ''),
(68, '0012245507', 'Grant Mikhail Cayaba Dela Cruz', 'activated', '2024-11-11 20:28:27', 7, ''),
(69, 'cmanager', 'Canteen  Manager', 'activated', '2024-11-11 23:40:41', 12, ''),
(70, 'cmanager', 'Canteen  Manager', 'activated', '2024-11-11 23:40:51', 12, ''),
(71, 'cashierhcc', 'Cashier  To', 'activated', '2024-11-12 06:41:43', 11, ''),
(72, '0013389623', 'James Andrew Adriano Beley', 'deactivated', '2024-11-12 06:41:52', 14, ''),
(73, '0012245507', 'Grant Mikhail Cayaba Dela Cruz', 'activated', '2024-11-13 22:41:35', 7, ''),
(74, '0011793621', 'Abraham Ducha Flores', 'activated', '2024-11-15 04:39:01', 8, ''),
(75, '0012245507', 'Grant Mikhail Cayaba Dela Cruz', 'activated', '2024-11-15 05:24:19', 7, ''),
(76, '0011793621', 'Abraham Ducha Flores', 'activated', '2024-11-15 05:24:21', 8, ''),
(77, 'cashierhcc', 'Cashier  To', 'activated', '2024-11-15 05:24:23', 11, ''),
(78, 'cmanager', 'Canteen  Manager', 'activated', '2024-11-15 05:24:26', 12, ''),
(79, '0012258965', 'Test Test Test', 'activated', '2024-11-15 05:24:29', 13, ''),
(80, '0013442974', 'Test Test Test', 'activated', '2024-11-15 05:24:31', 16, ''),
(81, '0012245507', 'Grant Mikhail Cayaba Dela Cruz', 'activated', '2024-11-16 02:06:02', 7, ''),
(83, '0012258965', 'Test Test Test', 'activated', '2024-11-19 00:50:41', 13, ''),
(84, '0013389623', 'James Andrew Adriano Beley', 'activated', '2024-11-19 00:50:49', 14, ''),
(85, '0013412479', 'Edgar Fitsgerald  Cruz', 'activated', '2024-11-22 00:30:10', 77, ''),
(86, '0011793621', 'Abraham Ducha Flores', 'activated', '2024-12-01 06:29:13', 8, ''),
(87, 'sadmin', 'Super Admin To', 'activated', '2024-12-01 07:10:03', 9, ''),
(88, 'sadmin', 'Super Admin To', 'activated', '2024-12-01 07:10:17', 9, ''),
(89, 'sadmin', 'Super Admin To', 'activated', '2024-12-01 07:10:22', 9, ''),
(90, '0013442973', 'Akira Yuki  Dela', 'activated', '2024-12-15 00:24:49', 44, ''),
(91, '0013442972', 'Jhastine  Garcia', 'deactivated', '2024-12-15 00:26:43', 45, ''),
(92, '0013442973', 'Akira Yuki  Dela', 'deactivated', '2024-12-15 00:27:03', 44, ''),
(93, 'cashierhcc', 'Cashier  To', 'activated', '2024-12-15 00:28:31', 11, ''),
(94, '0011793621', 'Abraham Ducha Flores', 'deactivated', '2024-12-15 23:23:55', 8, ''),
(95, 'sadmin', 'Super Admin To', 'activated', '2024-12-15 23:24:11', 9, ''),
(96, '0011793621', 'Abraham Ducha Flores', 'activated', '2024-12-15 23:24:19', 8, ''),
(97, '0011793622', 'Abraham Ducha Flores', 'deactivated', '2024-12-15 23:24:51', 8, ''),
(98, '0011793622', 'Abraham Ducha Flores', 'activated', '2024-12-15 23:24:58', 8, ''),
(99, '0013442907', 'Grant Mikhail Cayaba Dela Cruz', 'deactivated', '2024-12-15 23:25:10', 7, ''),
(100, '0011793622', 'Abraham Ducha Flores', 'deactivated', '2024-12-15 23:25:17', 8, ''),
(101, '0011793622', 'Abraham Ducha Flores', 'activated', '2024-12-15 23:25:20', 8, ''),
(102, '0013442907', 'Grant Mikhail Cayaba Dela Cruz', 'activated', '2024-12-15 23:27:14', 7, ''),
(103, '0013442907', 'Grant Mikhail Cayaba Dela Cruz', 'deactivated', '2024-12-15 23:30:18', 7, ''),
(104, '0013442907', 'Grant Mikhail Cayaba Dela Cruz', 'activated', '2024-12-15 23:30:21', 7, ''),
(105, '', 'Grant Mikhail Cayaba Dela Cruz', 'deactivated', '2024-12-15 23:30:33', 7, ''),
(106, '0012258965', 'Test Test Test', 'deactivated', '2024-12-15 23:37:38', 13, ''),
(107, '0012258965', 'Test Test Test', 'activated', '2024-12-15 23:37:46', 13, ''),
(108, '123456789', 'Grant Mikhail Cayaba Dela Cruz', 'deactivated', '2024-12-15 23:43:05', 7, ''),
(109, '123456789', 'Grant Mikhail Cayaba Dela Cruz', 'activated', '2024-12-15 23:45:08', 7, ''),
(110, '123456789', 'Grant Mikhail Cayaba Dela Cruz', 'deactivated', '2024-12-16 00:46:37', 7, ''),
(111, '123456789', 'Grant Mikhail Cayaba Dela Cruz', 'activated', '2024-12-16 00:46:43', 7, ''),
(112, '123456789', 'Grant Mikhail Cayaba Dela Cruz', 'deactivated', '2024-12-16 00:48:55', 7, ''),
(113, '123456789', 'Grant Mikhail Cayaba Dela Cruz', 'activated', '2024-12-16 00:49:00', 7, ''),
(114, '12345678910', 'Grant Mikhail Cayaba Dela Cruz', 'deactivated', '2024-12-16 06:32:24', 7, ''),
(115, '12345678910', 'Grant Mikhail Cayaba Dela Cruz', 'activated', '2024-12-16 06:35:47', 7, ''),
(116, '12345678910', 'Grant Mikhail Cayaba Dela Cruz', 'deactivated', '2024-12-16 06:50:34', 7, ''),
(117, '12345678910', 'Grant Mikhail Cayaba Dela Cruz', 'activated', '2024-12-16 06:50:38', 7, ''),
(118, '40', 'Grant Mikhail Cayaba Dela Cruz', 'deactivated', '2024-12-16 07:01:51', 7, ''),
(119, '40', 'Grant Mikhail Cayaba Dela Cruz', 'activated', '2024-12-16 07:03:10', 7, ''),
(120, '40', 'Grant Mikhail Cayaba Dela Cruz', 'deactivated', '2024-12-16 07:03:19', 7, ''),
(121, '40', 'Grant Mikhail Cayaba Dela Cruz', 'activated', '2024-12-16 07:03:22', 7, ''),
(122, '40', 'Grant Mikhail Cayaba Dela Cruz', 'deactivated', '2024-12-16 07:03:28', 7, ''),
(123, '40', 'Grant Mikhail Cayaba Dela Cruz', 'activated', '2024-12-16 07:03:34', 7, ''),
(124, '40', 'Grant Mikhail Cayaba Dela Cruz', 'deactivated', '2024-12-16 07:03:43', 7, ''),
(125, '40', 'Grant Mikhail Cayaba Dela Cruz', 'activated', '2024-12-16 07:03:52', 7, ''),
(126, '40', 'Grant Mikhail Cayaba Dela Cruz', 'deactivated', '2024-12-16 07:05:29', 7, ''),
(127, '0011793622', 'Abraham Ducha Flores', 'deactivated', '2024-12-16 07:05:42', 8, ''),
(128, '40', 'Grant Mikhail Cayaba Dela Cruz', 'activated', '2024-12-16 07:07:54', 7, ''),
(129, '40', 'Grant Mikhail Cayaba Dela Cruz', 'deactivated', '2024-12-16 07:08:11', 7, ''),
(130, '40', 'Grant Mikhail Cayaba Dela Cruz', 'activated', '2024-12-16 07:24:06', 7, ''),
(131, '40', 'Grant Mikhail Cayaba Dela Cruz', 'deactivated', '2024-12-16 07:24:34', 7, ''),
(132, '40', 'Grant Mikhail Cayaba Dela Cruz', 'activated', '2024-12-16 07:24:46', 7, ''),
(133, '40', 'Grant Mikhail Cayaba Dela Cruz', 'deactivated', '2024-12-16 22:30:45', 7, ''),
(134, '40', 'Grant Mikhail Cayaba Dela Cruz', 'activated', '2024-12-16 22:30:56', 7, ''),
(135, '0013412479', 'Edgar Fitsgerald  Cruz', 'activated', '2024-12-19 03:48:59', 77, ''),
(136, '0011793622', 'Abraham Ducha Flores', 'deactivated', '2024-12-19 06:09:58', 8, ''),
(137, '0011793622', 'Abraham Ducha Flores', 'activated', '2024-12-19 06:10:04', 8, '  '),
(138, '0011793622', 'Abraham Ducha Flores', 'deactivated', '2024-12-19 06:10:35', 8, ''),
(139, '0011793622', 'Abraham Ducha Flores', 'activated', '2024-12-19 06:10:41', 8, 'HCC MIS MIS'),
(140, '0011793622', 'Abraham Ducha Flores', 'deactivated', '2024-12-19 06:13:27', 8, 'HCC MIS MIS'),
(141, '0011793622', 'Abraham Ducha Flores', 'activated', '2024-12-19 16:14:33', 8, 'HCC MIS MIS'),
(142, '0011793622', 'Abraham Ducha Flores', 'deactivated', '2024-12-19 16:14:43', 8, 'HCC MIS MIS'),
(143, '0011793622', 'Abraham Ducha Flores', 'activated', '2024-12-19 16:15:51', 8, 'HCC MIS MIS'),
(144, '0011793622', 'Abraham Ducha Flores', 'deactivated', '2024-12-19 16:16:31', 8, 'HCC MIS MIS'),
(145, '0012245508', 'Diana Rose  Maglalang', 'deactivated', '2024-12-19 16:18:58', 50, 'HCC MIS MIS'),
(146, '0011793622', 'Abraham Ducha Flores', 'activated', '2024-12-19 16:45:06', 8, 'HCC MIS MIS');

-- --------------------------------------------------------

--
-- Table structure for table `sales`
--

CREATE TABLE `sales` (
  `id` int(11) NOT NULL,
  `product_id` int(11) NOT NULL,
  `quantity_sold` int(11) NOT NULL,
  `total` decimal(10,2) NOT NULL,
  `sale_date` datetime DEFAULT current_timestamp(),
  `transaction_number` varchar(250) NOT NULL,
  `payment_method` varchar(50) DEFAULT NULL,
  `username` varchar(250) NOT NULL
) ENGINE=InnoDB DEFAULT CHARSET=utf8mb4 COLLATE=utf8mb4_general_ci;

--
-- Dumping data for table `sales`
--

INSERT INTO `sales` (`id`, `product_id`, `quantity_sold`, `total`, `sale_date`, `transaction_number`, `payment_method`, `username`) VALUES
(77, 54, 1, 25.00, '2024-10-17 06:59:27', '0', NULL, ''),
(78, 55, 1, 50.00, '2024-10-17 06:59:27', '0', NULL, ''),
(79, 56, 1, 65.00, '2024-10-17 06:59:27', '0', NULL, ''),
(80, 54, 1, 25.00, '2024-10-17 07:02:33', '0', NULL, ''),
(81, 55, 1, 50.00, '2024-10-17 07:02:33', '0', NULL, ''),
(82, 56, 1, 65.00, '2024-10-17 07:02:33', '0', NULL, ''),
(83, 69, 1, 2.00, '2024-10-17 07:48:27', '0', NULL, ''),
(84, 54, 1, 25.00, '2024-10-19 13:15:26', '0', NULL, ''),
(85, 55, 1, 50.00, '2024-10-19 13:15:26', '0', NULL, ''),
(86, 54, 1, 25.00, '2024-10-19 14:51:26', '0', NULL, ''),
(87, 55, 1, 50.00, '2024-10-19 14:51:26', '0', NULL, ''),
(88, 54, 1, 25.00, '2024-10-19 15:20:40', '0', NULL, ''),
(89, 55, 2, 100.00, '2024-10-19 15:21:17', '0', NULL, ''),
(90, 55, 2, 100.00, '2024-10-19 15:21:17', '0', NULL, ''),
(91, 55, 2, 100.00, '2024-10-19 15:21:17', '0', NULL, ''),
(92, 56, 1, 65.00, '2024-10-19 15:21:29', '0', NULL, ''),
(93, 54, 1, 25.00, '2024-10-19 15:31:35', '0', NULL, ''),
(94, 55, 1, 50.00, '2024-10-19 15:31:35', '0', NULL, ''),
(95, 70, 1, 10.00, '2024-10-19 15:39:22', '0', NULL, ''),
(96, 71, 3, 30.00, '2024-10-19 15:39:31', '0', NULL, ''),
(97, 54, 5, 125.00, '2024-10-19 17:54:28', '0', NULL, ''),
(98, 54, 2, 50.00, '2024-10-19 17:57:18', '0', NULL, ''),
(99, 65, 1, 20.00, '2024-10-19 17:57:18', '0', 'cash', ''),
(100, 60, 1, 15.00, '2024-10-19 17:57:18', '0', 'cash', ''),
(101, 59, 1, 65.00, '2024-10-19 17:58:45', '0', 'cash', ''),
(102, 55, 1, 50.00, '2024-10-19 17:58:45', '0', NULL, ''),
(103, 65, 1, 20.00, '2024-10-19 17:58:45', '0', NULL, ''),
(104, 61, 1, 10.00, '2024-10-19 17:58:45', '0', NULL, ''),
(105, 54, 1, 25.00, '2024-10-19 18:45:46', '0', NULL, ''),
(106, 74, 1, 45.00, '2024-10-19 18:45:46', '0', NULL, ''),
(107, 54, 1, 25.00, '2024-10-19 18:49:25', '0', NULL, ''),
(108, 74, 1, 45.00, '2024-10-19 18:49:25', '0', NULL, ''),
(109, 64, 1, 12.00, '2024-10-19 18:50:19', '0', NULL, ''),
(110, 56, 1, 65.00, '2024-10-19 18:50:19', '0', NULL, ''),
(111, 64, 1, 12.00, '2024-10-20 12:22:05', '0', NULL, ''),
(112, 65, 1, 20.00, '2024-10-20 12:22:05', '0', NULL, ''),
(113, 68, 1, 10.00, '2024-10-20 12:22:05', '0', NULL, ''),
(114, 74, 1, 45.00, '2024-10-20 12:22:05', '0', NULL, ''),
(115, 59, 1, 65.00, '2024-10-20 12:22:05', '0', NULL, ''),
(116, 62, 1, 19.00, '2024-10-20 12:22:05', '0', NULL, ''),
(117, 63, 1, 18.00, '2024-10-20 12:22:05', '0', NULL, ''),
(118, 67, 1, 2.00, '2024-10-20 12:22:05', '0', NULL, ''),
(119, 69, 1, 2.00, '2024-10-20 12:22:05', '0', NULL, ''),
(120, 60, 1, 15.00, '2024-10-20 12:22:05', '0', NULL, ''),
(121, 70, 1, 10.00, '2024-10-20 12:22:05', '0', NULL, ''),
(122, 54, 1, 25.00, '2024-10-20 12:22:05', '0', NULL, ''),
(123, 55, 1, 50.00, '2024-10-20 12:22:05', '0', NULL, ''),
(124, 58, 1, 65.00, '2024-10-20 12:22:05', '0', NULL, ''),
(125, 57, 1, 12.00, '2024-10-20 12:22:05', '0', NULL, ''),
(126, 75, 1, 25.00, '2024-10-20 12:22:05', '0', NULL, ''),
(127, 65, 1, 20.00, '2024-10-20 12:25:14', '0', NULL, ''),
(128, 68, 1, 10.00, '2024-10-20 12:25:14', '0', NULL, ''),
(129, 74, 1, 45.00, '2024-10-20 12:25:14', '0', NULL, ''),
(130, 56, 1, 65.00, '2024-10-20 12:25:14', '0', NULL, ''),
(131, 59, 1, 65.00, '2024-10-20 12:25:14', '0', NULL, ''),
(132, 62, 1, 19.00, '2024-10-20 12:25:14', '0', NULL, ''),
(133, 63, 1, 18.00, '2024-10-20 12:25:14', '0', NULL, ''),
(134, 67, 1, 2.00, '2024-10-20 12:25:14', '0', NULL, ''),
(135, 69, 1, 2.00, '2024-10-20 12:25:14', '0', NULL, ''),
(136, 60, 1, 15.00, '2024-10-20 12:25:14', '0', NULL, ''),
(137, 70, 1, 10.00, '2024-10-20 12:25:14', '0', NULL, ''),
(138, 54, 1, 25.00, '2024-10-20 12:25:14', '0', NULL, ''),
(139, 55, 1, 50.00, '2024-10-20 12:25:14', '0', NULL, ''),
(140, 71, 1, 12.00, '2024-10-20 12:25:14', '0', NULL, ''),
(141, 58, 1, 65.00, '2024-10-20 12:25:14', '0', NULL, ''),
(142, 61, 1, 10.00, '2024-10-20 12:25:14', '0', NULL, ''),
(143, 65, 1, 20.00, '2024-10-20 13:51:48', '0', NULL, ''),
(144, 64, 1, 12.00, '2024-10-20 13:51:48', '0', NULL, ''),
(145, 59, 1, 65.00, '2024-10-20 14:00:14', '0', NULL, ''),
(146, 74, 1, 45.00, '2024-10-20 14:06:10', '0', NULL, ''),
(147, 74, 1, 45.00, '2024-10-20 14:06:23', '0', NULL, ''),
(148, 74, 1, 45.00, '2024-10-20 14:09:00', '0', NULL, ''),
(149, 74, 1, 45.00, '2024-10-20 14:16:58', '0', NULL, ''),
(150, 74, 1, 45.00, '2024-10-20 14:17:08', '0', NULL, ''),
(151, 74, 1, 45.00, '2024-10-20 14:20:54', '0', NULL, ''),
(152, 74, 1, 45.00, '2024-10-20 14:21:04', '0', NULL, ''),
(153, 74, 1, 45.00, '2024-10-20 14:22:56', '0', NULL, ''),
(154, 74, 1, 45.00, '2024-10-20 14:23:36', '0', NULL, ''),
(155, 74, 1, 45.00, '2024-10-20 14:23:45', '0', NULL, ''),
(156, 74, 1, 45.00, '2024-10-20 14:24:11', '0', NULL, ''),
(157, 74, 1, 45.00, '2024-10-20 14:27:57', '0', NULL, ''),
(158, 74, 1, 45.00, '2024-10-20 14:29:38', '0', NULL, ''),
(159, 74, 1, 45.00, '2024-10-20 14:32:37', '0', NULL, ''),
(160, 68, 1, 10.00, '2024-10-20 14:32:37', '0', NULL, ''),
(161, 68, 1, 10.00, '2024-10-20 14:34:47', '0', NULL, ''),
(162, 74, 1, 45.00, '2024-10-20 14:34:47', '0', NULL, ''),
(163, 74, 1, 45.00, '2024-10-20 14:36:43', '0', NULL, ''),
(164, 74, 1, 45.00, '2024-10-20 14:38:38', '0', NULL, ''),
(165, 65, 1, 20.00, '2024-10-20 14:38:47', '0', NULL, ''),
(166, 65, 1, 20.00, '2024-10-20 14:38:56', '0', NULL, ''),
(167, 74, 1, 45.00, '2024-10-20 14:42:36', '0', NULL, ''),
(168, 64, 1, 12.00, '2024-10-20 14:43:39', '0', NULL, ''),
(169, 65, 1, 20.00, '2024-10-20 14:43:39', '0', NULL, ''),
(170, 68, 1, 10.00, '2024-10-20 14:43:39', '0', NULL, ''),
(171, 74, 1, 45.00, '2024-10-20 14:43:39', '0', NULL, ''),
(172, 64, 1, 12.00, '2024-10-20 14:43:39', '0', NULL, ''),
(173, 65, 1, 20.00, '2024-10-20 14:43:39', '0', NULL, ''),
(174, 68, 1, 10.00, '2024-10-20 14:43:39', '0', NULL, ''),
(175, 74, 1, 45.00, '2024-10-20 14:43:39', '0', NULL, ''),
(176, 74, 2, 90.00, '2024-10-20 14:47:52', '0', NULL, ''),
(177, 68, 1, 10.00, '2024-10-20 14:47:52', '0', NULL, ''),
(178, 65, 1, 20.00, '2024-10-20 14:47:52', '0', NULL, ''),
(179, 64, 1, 12.00, '2024-10-20 14:47:52', '0', NULL, ''),
(180, 60, 1, 15.00, '2024-10-20 14:47:52', '0', NULL, ''),
(181, 70, 1, 10.00, '2024-10-20 14:47:52', '0', NULL, ''),
(182, 64, 1, 12.00, '2024-10-20 14:49:25', '0', NULL, ''),
(183, 65, 1, 20.00, '2024-10-20 14:49:25', '0', NULL, ''),
(184, 68, 1, 10.00, '2024-10-20 14:49:25', '0', NULL, ''),
(185, 74, 1, 45.00, '2024-10-20 14:49:25', '0', NULL, ''),
(186, 56, 1, 65.00, '2024-10-20 14:49:25', '0', NULL, ''),
(187, 59, 1, 65.00, '2024-10-20 14:49:25', '0', NULL, ''),
(188, 70, 1, 10.00, '2024-10-20 14:49:25', '0', NULL, ''),
(189, 60, 1, 15.00, '2024-10-20 14:49:25', '0', NULL, ''),
(190, 68, 1, 10.00, '2024-10-20 14:53:04', '0', NULL, ''),
(191, 65, 1, 20.00, '2024-10-20 14:53:04', '0', NULL, ''),
(192, 64, 1, 12.00, '2024-10-20 14:53:04', '0', NULL, ''),
(193, 60, 1, 15.00, '2024-10-20 14:53:04', '0', NULL, ''),
(194, 70, 1, 10.00, '2024-10-20 14:53:04', '0', NULL, ''),
(195, 59, 1, 65.00, '2024-10-20 14:53:04', '0', NULL, ''),
(196, 63, 1, 18.00, '2024-10-20 14:56:11', '0', NULL, ''),
(197, 67, 1, 2.00, '2024-10-20 14:56:11', '0', NULL, ''),
(198, 69, 1, 2.00, '2024-10-20 14:56:11', '0', NULL, ''),
(199, 60, 1, 15.00, '2024-10-20 14:56:11', '0', NULL, ''),
(200, 68, 1, 10.00, '2024-10-20 15:03:35', '0', NULL, ''),
(201, 65, 1, 20.00, '2024-10-20 15:03:35', '0', NULL, ''),
(202, 64, 1, 12.00, '2024-10-20 15:03:35', '0', NULL, ''),
(203, 56, 1, 65.00, '2024-10-20 15:03:35', '0', NULL, ''),
(204, 59, 1, 65.00, '2024-10-20 15:03:35', '0', NULL, ''),
(205, 62, 1, 19.00, '2024-10-20 15:03:35', '0', NULL, ''),
(206, 63, 1, 18.00, '2024-10-20 15:03:35', '0', NULL, ''),
(207, 67, 1, 2.00, '2024-10-20 15:03:35', '0', NULL, ''),
(208, 69, 1, 2.00, '2024-10-20 15:03:35', '0', NULL, ''),
(209, 60, 1, 15.00, '2024-10-20 15:03:35', '0', NULL, ''),
(210, 70, 1, 10.00, '2024-10-20 15:03:35', '0', NULL, ''),
(211, 65, 1, 20.00, '2024-10-20 15:14:58', '0', NULL, ''),
(212, 65, 1, 20.00, '2024-10-20 15:14:58', '0', NULL, ''),
(213, 65, 1, 20.00, '2024-10-20 15:43:09', '0', NULL, ''),
(214, 68, 1, 10.00, '2024-10-20 15:43:09', '0', NULL, ''),
(215, 56, 1, 65.00, '2024-10-20 15:43:09', '0', NULL, ''),
(216, 74, 9, 405.00, '2024-10-20 17:31:58', '0', NULL, ''),
(217, 64, 1, 12.00, '2024-10-20 18:02:37', '0', NULL, ''),
(218, 64, 1, 12.00, '2024-10-20 18:02:45', '0', NULL, ''),
(219, 68, 1, 10.00, '2024-10-20 18:03:30', '0', NULL, ''),
(220, 68, 2, 20.00, '2024-10-20 18:04:15', '0', NULL, ''),
(221, 68, 2, 20.00, '2024-10-20 18:04:21', '0', NULL, ''),
(222, 68, 1, 10.00, '2024-10-20 18:07:57', '0', NULL, ''),
(223, 65, 1, 20.00, '2024-10-20 18:07:57', '0', NULL, ''),
(224, 64, 1, 12.00, '2024-10-20 18:08:21', '0', NULL, ''),
(225, 65, 1, 20.00, '2024-10-20 18:08:21', '0', NULL, ''),
(226, 64, 1, 12.00, '2024-10-20 18:08:34', '0', NULL, ''),
(227, 65, 1, 20.00, '2024-10-20 18:08:34', '0', NULL, ''),
(228, 64, 1, 12.00, '2024-10-20 18:14:39', '0', NULL, ''),
(229, 64, 1, 12.00, '2024-10-20 18:14:58', '0', NULL, ''),
(230, 64, 1, 12.00, '2024-10-20 18:15:25', '0', NULL, ''),
(231, 64, 2, 24.00, '2024-10-20 18:15:58', '0', NULL, ''),
(232, 65, 2, 40.00, '2024-10-20 18:15:58', '0', NULL, ''),
(233, 64, 1, 12.00, '2024-10-20 18:18:19', '0', NULL, ''),
(234, 70, 1, 10.00, '2024-10-20 18:18:31', '0', NULL, ''),
(235, 59, 1, 65.00, '2024-10-20 18:18:31', '0', NULL, ''),
(236, 56, 1, 65.00, '2024-10-20 18:18:31', '0', NULL, ''),
(237, 54, 1, 25.00, '2024-10-20 18:21:16', '0', NULL, ''),
(238, 60, 1, 15.00, '2024-10-20 18:22:59', '0', NULL, ''),
(239, 61, 1, 10.00, '2024-10-20 18:23:38', '0', NULL, ''),
(240, 75, 2, 50.00, '2024-10-20 18:23:38', '0', NULL, ''),
(241, 55, 1, 50.00, '2024-10-20 18:24:26', '0', NULL, ''),
(242, 68, 1, 10.00, '2024-10-20 18:54:49', '0', NULL, ''),
(243, 65, 1, 20.00, '2024-10-20 18:54:49', '0', NULL, ''),
(244, 64, 1, 12.00, '2024-10-20 18:55:08', '0', NULL, ''),
(245, 65, 1, 20.00, '2024-10-20 18:55:08', '0', NULL, ''),
(246, 64, 1, 12.00, '2024-10-20 18:57:12', '0', NULL, ''),
(247, 65, 1, 20.00, '2024-10-20 18:57:12', '0', NULL, ''),
(248, 65, 2, 40.00, '2024-10-20 18:58:22', '0', NULL, ''),
(249, 64, 1, 12.00, '2024-10-20 19:00:26', '0', NULL, ''),
(250, 65, 1, 20.00, '2024-10-20 19:00:26', '0', NULL, ''),
(251, 68, 1, 10.00, '2024-10-20 19:00:26', '0', NULL, ''),
(252, 74, 1, 25.00, '2024-10-20 19:00:26', '0', NULL, ''),
(253, 64, 1, 12.00, '2024-10-20 19:00:36', '0', NULL, ''),
(254, 65, 1, 20.00, '2024-10-20 19:00:36', '0', NULL, ''),
(255, 68, 1, 10.00, '2024-10-20 19:00:36', '0', NULL, ''),
(256, 63, 1, 18.00, '2024-10-20 19:00:36', '0', NULL, ''),
(257, 64, 2, 24.00, '2024-10-20 19:05:25', '0', NULL, ''),
(258, 60, 1, 15.00, '2024-10-20 19:05:25', '0', NULL, ''),
(259, 64, 1, 12.00, '2024-10-20 19:05:45', '0', NULL, ''),
(260, 65, 1, 20.00, '2024-10-20 19:05:45', '0', NULL, ''),
(261, 54, 1, 25.00, '2024-10-20 19:08:33', '0', NULL, ''),
(262, 64, 1, 12.00, '2024-10-20 19:18:27', '0', NULL, ''),
(263, 65, 1, 20.00, '2024-10-20 19:18:27', '0', NULL, ''),
(264, 64, 1, 12.00, '2024-10-20 19:18:27', '0', NULL, ''),
(265, 65, 1, 20.00, '2024-10-20 19:18:27', '0', NULL, ''),
(266, 64, 1, 12.00, '2024-10-20 19:19:26', '0', NULL, ''),
(267, 65, 1, 20.00, '2024-10-20 19:19:26', '0', NULL, ''),
(268, 64, 1, 12.00, '2024-10-20 19:19:26', '0', NULL, ''),
(269, 65, 1, 20.00, '2024-10-20 19:19:26', '0', NULL, ''),
(270, 65, 1, 20.00, '2024-10-20 19:19:42', '0', NULL, ''),
(271, 68, 1, 11.00, '2024-10-20 19:19:42', '0', NULL, ''),
(272, 68, 1, 11.00, '2024-10-21 05:26:27', '0', NULL, ''),
(273, 74, 1, 25.00, '2024-10-21 05:26:27', '0', NULL, ''),
(274, 68, 1, 11.00, '2024-10-21 05:31:05', '0', NULL, ''),
(275, 63, 1, 18.00, '2024-10-21 05:31:05', '0', NULL, ''),
(276, 67, 1, 2.00, '2024-10-21 05:31:05', '0', NULL, ''),
(277, 62, 1, 19.00, '2024-10-21 05:31:05', '0', NULL, ''),
(278, 60, 1, 15.00, '2024-10-21 05:34:02', '0', NULL, ''),
(279, 59, 1, 65.00, '2024-10-21 05:34:02', '0', NULL, ''),
(280, 56, 1, 65.00, '2024-10-21 05:34:02', '0', NULL, ''),
(281, 56, 2, 130.00, '2024-10-21 05:51:33', '0', NULL, ''),
(282, 59, 1, 60.00, '2024-10-21 05:51:33', '0', NULL, ''),
(283, 70, 1, 10.00, '2024-10-21 05:51:33', '0', NULL, ''),
(284, 64, 1, 12.00, '2024-10-21 05:51:44', '0', NULL, ''),
(285, 68, 1, 11.00, '2024-10-21 05:51:44', '0', NULL, ''),
(286, 60, 1, 15.00, '2024-10-21 05:52:24', '0', NULL, ''),
(287, 70, 1, 10.00, '2024-10-21 06:33:04', '0', NULL, ''),
(288, 69, 1, 2.00, '2024-10-21 06:33:04', '0', NULL, ''),
(289, 68, 1, 11.00, '2024-10-21 06:33:04', '0', NULL, ''),
(290, 67, 1, 2.00, '2024-10-21 06:33:04', '0', NULL, ''),
(291, 64, 2, 24.00, '2024-10-21 06:33:48', '0', NULL, ''),
(292, 65, 1, 20.00, '2024-10-21 06:33:48', '0', NULL, ''),
(293, 68, 1, 11.00, '2024-10-21 06:42:52', '0', NULL, ''),
(294, 76, 2, 20.00, '2024-10-21 06:42:52', '0', NULL, ''),
(295, 74, 1, 25.00, '2024-10-21 06:42:52', '0', NULL, ''),
(296, 74, 2, 50.00, '2024-10-21 07:18:23', '0', NULL, ''),
(297, 74, 1, 25.00, '2024-10-21 07:18:35', '0', NULL, ''),
(298, 61, 1, 10.00, '2024-10-21 07:24:56', '0', NULL, ''),
(299, 65, 1, 20.00, '2024-10-21 07:24:56', '0', NULL, ''),
(300, 76, 1, 10.00, '2024-10-21 07:24:56', '0', NULL, ''),
(301, 76, 1, 10.00, '2024-10-21 07:28:03', '0', NULL, ''),
(302, 65, 2, 40.00, '2024-10-21 07:50:15', '0', NULL, ''),
(303, 78, 1, 10.00, '2024-10-21 07:50:15', '0', NULL, ''),
(304, 65, 1, 20.00, '2024-10-21 07:51:18', '0', NULL, ''),
(305, 54, 7, 175.00, '2024-10-21 07:56:52', '0', NULL, ''),
(306, 76, 1, 10.00, '2024-10-22 17:11:34', '0', NULL, ''),
(307, 68, 1, 11.00, '2024-10-22 17:11:34', '0', NULL, ''),
(308, 74, 1, 25.00, '2024-10-22 17:11:34', '0', NULL, ''),
(309, 65, 1, 20.00, '2024-10-22 17:11:34', '0', NULL, ''),
(310, 64, 1, 12.00, '2024-10-22 17:11:34', '0', NULL, ''),
(311, 74, 1, 25.00, '2024-10-22 17:41:37', '0', NULL, ''),
(312, 68, 1, 11.00, '2024-10-22 17:41:37', '0', NULL, ''),
(313, 76, 1, 10.00, '2024-10-22 17:41:37', '0', NULL, ''),
(314, 65, 1, 20.00, '2024-10-22 17:41:37', '0', NULL, ''),
(315, 74, 1, 25.00, '2024-10-22 17:44:36', '0', NULL, ''),
(316, 76, 1, 10.00, '2024-10-22 17:44:36', '0', NULL, ''),
(317, 68, 1, 11.00, '2024-10-22 17:44:36', '0', NULL, ''),
(318, 76, 1, 10.00, '2024-10-22 17:45:23', '0', NULL, ''),
(319, 68, 1, 11.00, '2024-10-22 17:45:23', '0', NULL, ''),
(320, 74, 1, 25.00, '2024-10-22 17:45:23', '0', NULL, ''),
(321, 76, 1, 10.00, '2024-10-22 17:46:55', '0', NULL, ''),
(322, 68, 1, 11.00, '2024-10-22 17:46:55', '0', NULL, ''),
(323, 74, 1, 25.00, '2024-10-22 17:46:55', '0', NULL, ''),
(324, 76, 1, 10.00, '2024-10-22 17:51:42', '0', NULL, ''),
(325, 68, 1, 11.00, '2024-10-22 17:51:42', '0', NULL, ''),
(326, 74, 1, 25.00, '2024-10-22 17:51:42', '0', NULL, ''),
(327, 76, 1, 10.00, '2024-10-22 17:54:40', '0', NULL, ''),
(328, 68, 1, 11.00, '2024-10-22 17:54:40', '0', NULL, ''),
(329, 74, 1, 25.00, '2024-10-22 17:54:40', '0', NULL, ''),
(330, 64, 1, 12.00, '2024-10-22 17:55:35', '0', NULL, ''),
(331, 65, 1, 20.00, '2024-10-22 17:55:35', '0', NULL, ''),
(332, 78, 1, 10.00, '2024-10-22 17:55:35', '0', NULL, ''),
(333, 78, 1, 10.00, '2024-10-22 17:56:30', '0', NULL, ''),
(334, 64, 1, 12.00, '2024-10-22 17:56:30', '0', NULL, ''),
(335, 68, 1, 11.00, '2024-10-22 17:56:30', '0', NULL, ''),
(336, 65, 1, 20.00, '2024-10-22 17:57:08', 'TRX-572449', NULL, ''),
(337, 78, 1, 10.00, '2024-10-22 17:57:08', 'TRX-572449', NULL, ''),
(338, 74, 1, 25.00, '2024-10-22 17:57:08', 'TRX-572449', NULL, ''),
(339, 81, 4, 48.00, '2024-10-22 18:09:06', 'HCC-828545', NULL, ''),
(340, 65, 1, 20.00, '2024-10-22 18:09:06', 'HCC-828545', NULL, ''),
(341, 64, 1, 12.00, '2024-10-22 18:09:06', 'HCC-828545', NULL, ''),
(342, 76, 1, 10.00, '2024-10-22 18:09:06', 'HCC-828545', NULL, ''),
(343, 68, 1, 11.00, '2024-10-22 18:09:06', 'HCC-828545', NULL, ''),
(344, 78, 1, 10.00, '2024-10-22 18:12:17', 'HCC-472886', NULL, ''),
(345, 64, 1, 12.00, '2024-10-22 18:12:17', 'HCC-472886', NULL, ''),
(346, 65, 1, 20.00, '2024-10-22 18:12:17', 'HCC-472886', NULL, ''),
(347, 76, 1, 10.00, '2024-10-22 18:12:17', 'HCC-472886', NULL, ''),
(348, 68, 1, 11.00, '2024-10-22 18:12:17', 'HCC-472886', NULL, ''),
(349, 74, 1, 25.00, '2024-10-22 18:12:17', 'HCC-472886', NULL, ''),
(350, 56, 1, 65.00, '2024-10-22 18:12:17', 'HCC-472886', NULL, ''),
(351, 59, 1, 60.00, '2024-10-22 18:12:17', 'HCC-472886', NULL, ''),
(352, 70, 1, 10.00, '2024-10-22 18:12:17', 'HCC-472886', NULL, ''),
(353, 81, 1, 12.00, '2024-10-22 18:12:17', 'HCC-472886', NULL, ''),
(354, 60, 1, 15.00, '2024-10-22 18:12:17', 'HCC-472886', NULL, ''),
(355, 69, 1, 2.00, '2024-10-22 18:12:17', 'HCC-472886', NULL, ''),
(356, 76, 1, 10.00, '2024-10-22 18:16:27', 'HCC-420834', NULL, ''),
(357, 68, 1, 11.00, '2024-10-22 18:16:27', 'HCC-420834', NULL, ''),
(358, 64, 1, 12.00, '2024-10-22 18:16:27', 'HCC-420834', NULL, ''),
(359, 60, 1, 15.00, '2024-10-22 18:16:27', 'HCC-420834', NULL, ''),
(360, 69, 1, 2.00, '2024-10-22 18:16:27', 'HCC-420834', NULL, ''),
(361, 64, 1, 12.00, '2024-10-22 18:24:37', 'HCC-266228', NULL, ''),
(362, 65, 1, 20.00, '2024-10-22 18:24:37', 'HCC-266228', NULL, ''),
(363, 76, 1, 10.00, '2024-10-22 18:25:19', 'HCC-663295', NULL, ''),
(364, 68, 1, 11.00, '2024-10-22 18:25:19', 'HCC-663295', NULL, ''),
(365, 68, 1, 11.00, '2024-10-22 18:26:07', 'HCC-818572', NULL, ''),
(366, 76, 1, 10.00, '2024-10-22 18:26:07', 'HCC-818572', NULL, ''),
(367, 76, 1, 10.00, '2024-10-22 18:26:55', 'HCC-706499', NULL, ''),
(368, 68, 1, 11.00, '2024-10-22 18:26:55', 'HCC-706499', NULL, ''),
(369, 68, 1, 11.00, '2024-10-22 18:28:46', 'HCC-705001', NULL, ''),
(370, 74, 1, 25.00, '2024-10-22 18:28:46', 'HCC-705001', NULL, ''),
(371, 76, 1, 10.00, '2024-10-22 18:29:13', 'HCC-269347', NULL, ''),
(372, 68, 1, 11.00, '2024-10-22 18:29:13', 'HCC-269347', NULL, ''),
(373, 76, 1, 10.00, '2024-10-22 18:34:49', 'HCC-759449', NULL, ''),
(374, 76, 1, 10.00, '2024-10-22 18:36:33', 'HCC-043561', NULL, ''),
(375, 76, 1, 10.00, '2024-10-22 18:37:03', 'HCC-348522', NULL, ''),
(376, 68, 1, 11.00, '2024-10-23 00:40:17', 'HCC-500290', NULL, ''),
(377, 74, 1, 25.00, '2024-10-23 00:41:37', 'HCC-047265', NULL, ''),
(378, 68, 1, 11.00, '2024-10-23 00:41:37', 'HCC-047265', NULL, ''),
(379, 76, 1, 10.00, '2024-10-23 00:41:37', 'HCC-047265', NULL, ''),
(380, 74, 1, 25.00, '2024-10-23 00:48:40', 'HCC-928445', NULL, ''),
(381, 68, 1, 11.00, '2024-10-23 00:48:40', 'HCC-928445', NULL, ''),
(382, 76, 1, 10.00, '2024-10-23 00:48:40', 'HCC-928445', NULL, ''),
(383, 64, 1, 12.00, '2024-10-23 00:48:40', 'HCC-928445', NULL, ''),
(384, 68, 1, 11.00, '2024-10-23 04:54:07', 'HCC-892130', NULL, ''),
(385, 65, 1, 20.00, '2024-10-23 04:54:07', 'HCC-892130', NULL, ''),
(386, 78, 1, 10.00, '2024-10-23 04:54:13', 'HCC-126232', NULL, ''),
(387, 64, 1, 12.00, '2024-10-23 04:54:13', 'HCC-126232', NULL, ''),
(388, 74, 1, 25.00, '2024-10-23 04:58:45', 'HCC-448661', NULL, ''),
(389, 68, 1, 11.00, '2024-10-23 04:58:45', 'HCC-448661', NULL, ''),
(390, 76, 1, 10.00, '2024-10-23 05:18:32', 'HCC-113001', NULL, ''),
(391, 65, 1, 20.00, '2024-10-23 05:18:32', 'HCC-113001', NULL, ''),
(392, 65, 1, 20.00, '2024-10-23 05:19:05', 'HCC-796229', NULL, ''),
(393, 76, 1, 10.00, '2024-10-23 05:19:05', 'HCC-796229', NULL, ''),
(394, 68, 1, 11.00, '2024-10-23 05:19:05', 'HCC-796229', NULL, ''),
(395, 65, 1, 20.00, '2024-10-23 05:19:05', 'HCC-673935', NULL, ''),
(396, 76, 1, 10.00, '2024-10-23 05:19:05', 'HCC-673935', NULL, ''),
(397, 68, 1, 11.00, '2024-10-23 05:19:05', 'HCC-673935', NULL, ''),
(398, 78, 1, 10.00, '2024-10-23 05:19:20', 'HCC-291051', NULL, ''),
(399, 56, 1, 65.00, '2024-10-23 05:19:20', 'HCC-291051', NULL, ''),
(400, 59, 1, 60.00, '2024-10-23 05:19:20', 'HCC-291051', NULL, ''),
(401, 68, 1, 11.00, '2024-10-23 05:21:08', 'HCC-299056', NULL, ''),
(402, 76, 1, 10.00, '2024-10-23 05:21:08', 'HCC-299056', NULL, ''),
(403, 65, 1, 20.00, '2024-10-23 05:21:08', 'HCC-299056', NULL, ''),
(404, 56, 1, 65.00, '2024-10-23 05:22:09', 'HCC-335228', NULL, ''),
(405, 59, 1, 60.00, '2024-10-23 05:22:09', 'HCC-335228', NULL, ''),
(406, 60, 1, 15.00, '2024-10-23 05:22:09', 'HCC-335228', NULL, ''),
(407, 69, 1, 2.00, '2024-10-23 05:22:09', 'HCC-335228', NULL, ''),
(408, 74, 1, 25.00, '2024-10-24 23:38:57', 'HCC-343993', NULL, ''),
(409, 68, 1, 11.00, '2024-10-24 23:38:57', 'HCC-343993', NULL, ''),
(410, 76, 1, 10.00, '2024-10-24 23:38:57', 'HCC-343993', NULL, ''),
(411, 74, 1, 25.00, '2024-10-24 23:38:57', 'HCC-129491', NULL, ''),
(412, 68, 1, 11.00, '2024-10-24 23:38:57', 'HCC-129491', NULL, ''),
(413, 76, 1, 10.00, '2024-10-24 23:38:57', 'HCC-129491', NULL, ''),
(414, 74, 1, 25.00, '2024-10-24 23:38:57', 'HCC-380849', NULL, ''),
(415, 68, 1, 11.00, '2024-10-24 23:38:57', 'HCC-380849', NULL, ''),
(416, 76, 1, 10.00, '2024-10-24 23:38:57', 'HCC-380849', NULL, ''),
(417, 76, 1, 10.00, '2024-10-24 23:39:13', 'HCC-810818', NULL, ''),
(418, 76, 1, 10.00, '2024-10-24 23:39:25', 'HCC-647049', NULL, ''),
(419, 64, 1, 12.00, '2024-10-24 23:40:30', 'HCC-995320', NULL, ''),
(420, 78, 1, 10.00, '2024-10-24 23:40:30', 'HCC-995320', NULL, ''),
(421, 65, 1, 20.00, '2024-10-24 23:40:30', 'HCC-995320', NULL, ''),
(422, 78, 1, 10.00, '2024-10-24 23:41:04', 'HCC-450707', NULL, ''),
(423, 64, 1, 12.00, '2024-10-24 23:41:04', 'HCC-450707', NULL, ''),
(424, 64, 1, 12.00, '2024-10-28 18:37:52', 'HCC-158318', NULL, ''),
(425, 65, 1, 20.00, '2024-10-28 18:41:29', 'HCC-979216', NULL, ''),
(426, 64, 1, 12.00, '2024-10-28 18:41:29', 'HCC-979216', NULL, ''),
(427, 64, 1, 12.00, '2024-10-28 18:42:39', 'HCC-775940', NULL, ''),
(428, 65, 1, 20.00, '2024-10-28 18:42:39', 'HCC-775940', NULL, ''),
(429, 64, 1, 12.00, '2024-10-28 18:43:22', 'HCC-756314', NULL, ''),
(430, 65, 1, 20.00, '2024-10-28 18:43:22', 'HCC-756314', NULL, ''),
(431, 64, 1, 12.00, '2024-10-28 18:44:07', 'HCC-949615', NULL, ''),
(432, 65, 1, 20.00, '2024-10-28 18:44:07', 'HCC-949615', NULL, ''),
(433, 64, 1, 12.00, '2024-10-28 18:46:16', 'HCC-313572', NULL, ''),
(434, 64, 1, 12.00, '2024-10-28 18:46:38', 'HCC-242579', NULL, ''),
(435, 65, 1, 20.00, '2024-10-28 18:46:38', 'HCC-242579', NULL, ''),
(436, 64, 1, 12.00, '2024-10-28 18:50:44', 'HCC-783941', NULL, ''),
(437, 64, 1, 12.00, '2024-10-28 18:51:35', 'HCC-263812', NULL, ''),
(438, 65, 1, 20.00, '2024-10-28 18:51:35', 'HCC-263812', NULL, ''),
(439, 64, 1, 12.00, '2024-10-28 18:52:03', 'HCC-827697', NULL, ''),
(440, 64, 1, 12.00, '2024-10-28 18:54:02', 'HCC-660354', NULL, ''),
(441, 64, 2, 24.00, '2024-10-28 19:01:45', 'HCC-280126', NULL, ''),
(442, 76, 1, 10.00, '2024-10-28 19:01:45', 'HCC-280126', NULL, ''),
(443, 68, 1, 11.00, '2024-10-28 19:01:45', 'HCC-280126', NULL, ''),
(444, 74, 1, 25.00, '2024-10-28 19:01:45', 'HCC-280126', NULL, ''),
(445, 74, 1, 25.00, '2024-10-28 19:02:23', 'HCC-406492', NULL, ''),
(446, 74, 1, 25.00, '2024-10-28 19:02:41', 'HCC-563490', NULL, ''),
(447, 64, 1, 12.00, '2024-10-28 19:03:12', 'HCC-442421', NULL, ''),
(448, 65, 1, 20.00, '2024-10-28 19:03:12', 'HCC-442421', NULL, ''),
(449, 68, 1, 11.00, '2024-10-28 19:03:12', 'HCC-442421', NULL, ''),
(450, 64, 1, 12.00, '2024-10-28 19:04:20', 'HCC-603740', NULL, ''),
(451, 64, 1, 12.00, '2024-10-28 19:09:32', 'HCC-895088', NULL, ''),
(452, 64, 1, 12.00, '2024-10-28 19:09:32', 'HCC-502730', NULL, ''),
(453, 64, 1, 12.00, '2024-10-28 19:09:32', 'HCC-322690', NULL, ''),
(454, 65, 1, 20.00, '2024-10-28 19:09:41', 'HCC-527426', NULL, ''),
(455, 65, 1, 20.00, '2024-10-28 19:14:10', 'HCC-289319', NULL, ''),
(456, 65, 1, 20.00, '2024-10-28 19:14:10', 'HCC-765671', NULL, ''),
(457, 68, 1, 11.00, '2024-10-28 19:14:27', 'HCC-373051', NULL, ''),
(458, 68, 1, 11.00, '2024-10-28 19:14:27', 'HCC-363781', NULL, ''),
(459, 74, 1, 25.00, '2024-10-28 19:14:44', 'HCC-325675', NULL, ''),
(460, 74, 1, 25.00, '2024-10-28 19:14:44', 'HCC-413576', NULL, ''),
(461, 74, 1, 25.00, '2024-10-28 19:15:21', 'HCC-982355', NULL, ''),
(462, 74, 1, 25.00, '2024-10-28 19:15:21', 'HCC-861218', NULL, ''),
(463, 74, 1, 25.00, '2024-10-28 19:22:31', 'HCC-201844', NULL, ''),
(464, 74, 1, 25.00, '2024-10-28 19:22:31', 'HCC-639542', NULL, ''),
(465, 74, 1, 25.00, '2024-10-28 19:27:19', 'HCC-680287', NULL, ''),
(466, 74, 1, 25.00, '2024-10-28 19:27:19', 'HCC-222417', NULL, ''),
(467, 74, 1, 25.00, '2024-10-28 19:33:21', 'HCC-436384', NULL, ''),
(468, 74, 1, 25.00, '2024-10-28 19:33:42', 'HCC-968198', NULL, ''),
(469, 74, 1, 25.00, '2024-10-28 19:33:42', 'HCC-884668', NULL, ''),
(470, 74, 1, 25.00, '2024-10-28 19:37:36', 'HCC-991302', NULL, ''),
(471, 74, 1, 25.00, '2024-10-28 19:37:36', 'HCC-330216', NULL, ''),
(472, 74, 1, 25.00, '2024-10-28 19:39:01', 'HCC-698362', NULL, ''),
(473, 74, 1, 25.00, '2024-10-28 19:39:01', 'HCC-276944', NULL, ''),
(474, 74, 1, 25.00, '2024-10-28 19:41:20', 'HCC-206516', NULL, ''),
(475, 74, 1, 25.00, '2024-10-28 19:41:20', 'HCC-541342', NULL, ''),
(476, 74, 1, 25.00, '2024-10-28 19:42:30', 'HCC-347934', NULL, ''),
(477, 74, 1, 25.00, '2024-10-28 19:42:30', 'HCC-532369', NULL, ''),
(478, 74, 1, 25.00, '2024-10-28 19:50:05', 'HCC-768179', NULL, ''),
(479, 74, 1, 25.00, '2024-10-28 19:50:05', 'HCC-234279', NULL, ''),
(480, 74, 1, 25.00, '2024-10-28 19:52:02', 'HCC-289221', NULL, ''),
(481, 74, 1, 25.00, '2024-10-28 19:52:02', 'HCC-222702', NULL, ''),
(482, 74, 1, 25.00, '2024-10-28 19:53:59', 'HCC-141252', NULL, ''),
(483, 74, 1, 25.00, '2024-10-28 19:53:59', 'HCC-022787', NULL, ''),
(484, 74, 1, 25.00, '2024-10-28 19:54:16', 'HCC-189060', NULL, ''),
(485, 74, 1, 25.00, '2024-10-28 19:55:58', 'HCC-658143', NULL, ''),
(486, 74, 1, 25.00, '2024-10-28 19:55:58', 'HCC-862099', NULL, ''),
(487, 74, 1, 25.00, '2024-10-28 19:56:44', 'HCC-005227', NULL, ''),
(488, 74, 1, 25.00, '2024-10-28 19:57:16', 'HCC-511859', NULL, ''),
(489, 74, 1, 25.00, '2024-10-28 19:57:16', 'HCC-292096', NULL, ''),
(490, 74, 1, 25.00, '2024-10-28 19:57:16', 'HCC-157406', NULL, ''),
(491, 74, 1, 25.00, '2024-10-28 19:59:41', 'HCC-463802', NULL, ''),
(492, 74, 1, 25.00, '2024-10-28 19:59:41', 'HCC-196180', NULL, ''),
(493, 68, 1, 11.00, '2024-11-05 21:53:47', 'HCC-873416', NULL, ''),
(494, 70, 3, 30.00, '2024-11-05 21:53:47', 'HCC-873416', NULL, ''),
(495, 67, 1, 2.00, '2024-11-05 21:53:47', 'HCC-873416', NULL, ''),
(496, 69, 1, 2.00, '2024-11-05 21:53:47', 'HCC-873416', NULL, ''),
(497, 79, 1, 15.00, '2024-11-05 21:53:47', 'HCC-873416', NULL, ''),
(498, 62, 2, 38.00, '2024-11-05 21:53:47', 'HCC-873416', NULL, ''),
(499, 74, 1, 25.00, '2024-11-05 22:27:14', 'HCC-861258', NULL, ''),
(500, 81, 1, 12.00, '2024-11-05 22:27:14', 'HCC-861258', NULL, ''),
(501, 75, 1, 20.00, '2024-11-05 22:33:21', 'HCC-026521', NULL, ''),
(502, 74, 3, 75.00, '2024-11-05 23:05:27', 'HCC-897082', NULL, ''),
(503, 74, 2, 50.00, '2024-11-05 23:05:37', 'HCC-999717', NULL, ''),
(504, 74, 8, 200.00, '2024-11-05 23:08:32', 'HCC-549271', NULL, ''),
(505, 60, 1, 15.00, '2024-11-05 23:15:59', 'HCC-066404', NULL, ''),
(506, 74, 1, 25.00, '2024-11-06 18:54:46', 'HCC-402413', NULL, ''),
(507, 74, 1, 25.00, '2024-11-06 18:56:40', 'HCC-847642', NULL, ''),
(508, 74, 1, 25.00, '2024-11-06 19:17:09', 'HCC-447194', NULL, ''),
(509, 74, 1, 25.00, '2024-11-07 04:22:16', 'HCC-657483', NULL, ''),
(510, 68, 2, 22.00, '2024-11-07 04:22:16', 'HCC-657483', NULL, ''),
(511, 56, 1, 65.00, '2024-11-07 04:22:16', 'HCC-657483', NULL, ''),
(512, 59, 3, 180.00, '2024-11-07 04:22:16', 'HCC-657483', NULL, ''),
(513, 74, 1, 25.00, '2024-11-07 04:28:38', 'HCC-656660', NULL, ''),
(514, 70, 3, 30.00, '2024-11-07 04:28:38', 'HCC-656660', NULL, ''),
(515, 59, 3, 180.00, '2024-11-07 04:28:38', 'HCC-656660', NULL, ''),
(516, 74, 3, 75.00, '2024-11-07 04:34:54', 'HCC-013970', NULL, ''),
(517, 81, 3, 36.00, '2024-11-07 04:34:54', 'HCC-013970', NULL, ''),
(518, 70, 3, 30.00, '2024-11-07 04:34:54', 'HCC-013970', NULL, ''),
(519, 59, 3, 180.00, '2024-11-07 04:34:54', 'HCC-013970', NULL, ''),
(520, 56, 2, 130.00, '2024-11-07 04:34:54', 'HCC-013970', NULL, ''),
(521, 71, 2, 24.00, '2024-11-07 04:34:54', 'HCC-013970', NULL, ''),
(522, 58, 2, 130.00, '2024-11-07 04:34:54', 'HCC-013970', NULL, ''),
(523, 62, 2, 38.00, '2024-11-07 04:34:54', 'HCC-013970', NULL, ''),
(524, 63, 2, 36.00, '2024-11-07 04:34:54', 'HCC-013970', NULL, ''),
(525, 74, 1, 25.00, '2024-11-07 06:00:03', 'HCC-038811', NULL, ''),
(526, 68, 1, 11.00, '2024-11-07 06:00:03', 'HCC-038811', NULL, ''),
(527, 70, 3, 30.00, '2024-11-07 06:00:03', 'HCC-038811', NULL, ''),
(528, 81, 3, 36.00, '2024-11-07 06:00:03', 'HCC-038811', NULL, ''),
(529, 59, 2, 120.00, '2024-11-07 06:00:03', 'HCC-038811', NULL, ''),
(530, 56, 3, 195.00, '2024-11-07 06:00:03', 'HCC-038811', NULL, ''),
(531, 60, 2, 30.00, '2024-11-07 06:00:03', 'HCC-038811', NULL, ''),
(532, 74, 3, 75.00, '2024-11-07 06:06:53', 'HCC-971802', NULL, ''),
(533, 56, 2, 130.00, '2024-11-07 06:06:53', 'HCC-971802', NULL, ''),
(534, 59, 3, 180.00, '2024-11-07 06:06:53', 'HCC-971802', NULL, ''),
(535, 70, 2, 20.00, '2024-11-07 06:06:53', 'HCC-971802', NULL, ''),
(536, 74, 4, 100.00, '2024-11-07 06:19:34', 'HCC-904475', NULL, ''),
(537, 68, 1, 11.00, '2024-11-07 06:19:34', 'HCC-904475', NULL, ''),
(538, 56, 2, 130.00, '2024-11-07 06:19:34', 'HCC-904475', NULL, ''),
(539, 59, 3, 180.00, '2024-11-07 06:19:34', 'HCC-904475', NULL, ''),
(540, 81, 2, 24.00, '2024-11-07 06:19:34', 'HCC-904475', NULL, ''),
(541, 70, 3, 30.00, '2024-11-07 06:19:34', 'HCC-904475', NULL, ''),
(542, 62, 3, 57.00, '2024-11-07 06:19:34', 'HCC-904475', NULL, ''),
(543, 63, 3, 54.00, '2024-11-07 06:19:34', 'HCC-904475', NULL, ''),
(544, 67, 2, 4.00, '2024-11-07 06:19:34', 'HCC-904475', NULL, ''),
(545, 74, 2, 50.00, '2024-11-07 06:45:47', 'HCC-732875', NULL, ''),
(546, 74, 1, 25.00, '2024-11-09 13:54:18', 'HCC-766087', NULL, ''),
(547, 74, 1, 25.00, '2024-11-09 16:04:03', 'HCC-455242', 'cash', ''),
(548, 74, 1, 25.00, '2024-11-09 16:20:51', 'HCC-577618', 'cash', ''),
(549, 74, 1, 25.00, '2024-11-09 16:21:35', 'HCC-221254', 'cash', ''),
(550, 76, 1, 10.00, '2024-11-09 16:22:31', 'HCC-738614', 'cash', ''),
(551, 76, 1, 10.00, '2024-11-09 16:23:33', 'HCC-294439', '', ''),
(552, 64, 1, 12.00, '2024-11-09 16:23:59', 'HCC-066252', '', ''),
(553, 74, 1, 25.00, '2024-11-09 16:25:39', 'HCC-861307', '', ''),
(554, 64, 1, 12.00, '2024-11-09 16:28:16', 'HCC-874666', 'cash', ''),
(555, 78, 1, 10.00, '2024-11-09 16:31:02', 'HCC-799247', 'cash', ''),
(556, 74, 1, 25.00, '2024-11-09 16:44:51', 'HCC-771517', NULL, ''),
(557, 74, 1, 25.00, '2024-11-09 16:47:33', 'HCC-595398', NULL, ''),
(558, 74, 1, 25.00, '2024-11-09 16:51:41', 'HCC-029698', NULL, ''),
(559, 74, 1, 25.00, '2024-11-09 16:53:42', 'HCC-032580', NULL, ''),
(560, 74, 1, 25.00, '2024-11-09 16:55:18', 'HCC-285782', NULL, ''),
(561, 74, 1, 25.00, '2024-11-09 16:55:29', 'HCC-648114', NULL, ''),
(562, 64, 1, 12.00, '2024-11-09 16:59:20', 'HCC-339094', NULL, ''),
(563, 64, 1, 12.00, '2024-11-09 17:00:34', 'HCC-947851', NULL, ''),
(564, 64, 1, 12.00, '2024-11-09 17:01:32', 'HCC-226180', NULL, ''),
(565, 74, 1, 25.00, '2024-11-09 17:27:29', 'HCC-486493', NULL, ''),
(566, 74, 1, 25.00, '2024-11-09 17:27:40', 'HCC-356175', NULL, ''),
(567, 74, 1, 25.00, '2024-11-09 17:28:23', 'HCC-782886', NULL, ''),
(568, 64, 1, 12.00, '2024-11-09 17:29:59', 'HCC-208381', NULL, ''),
(569, 74, 1, 25.00, '2024-11-09 17:32:02', 'HCC-961368', 'cash', ''),
(570, 64, 1, 12.00, '2024-11-09 17:38:30', 'HCC-229015', NULL, ''),
(571, 56, 1, 65.00, '2024-11-09 17:38:39', 'HCC-486764', NULL, ''),
(572, 78, 1, 10.00, '2024-11-09 17:39:07', 'HCC-560211', NULL, ''),
(573, 78, 1, 10.00, '2024-11-09 17:39:21', 'HCC-446362', NULL, ''),
(574, 64, 1, 12.00, '2024-11-09 17:40:58', 'HCC-572574', 'cash', ''),
(575, 76, 1, 10.00, '2024-11-09 17:40:58', 'HCC-572574', 'cash', ''),
(576, 74, 1, 25.00, '2024-11-09 17:40:58', 'HCC-572574', 'cash', ''),
(577, 59, 1, 60.00, '2024-11-09 17:42:59', 'HCC-454884', '', ''),
(578, 56, 1, 65.00, '2024-11-09 17:42:59', 'HCC-454884', '', ''),
(579, 81, 1, 12.00, '2024-11-09 17:43:19', 'HCC-859083', 'cash', ''),
(580, 70, 1, 10.00, '2024-11-09 17:43:19', 'HCC-859083', 'cash', ''),
(581, 59, 1, 60.00, '2024-11-09 17:43:19', 'HCC-859083', 'cash', ''),
(582, 74, 1, 25.00, '2024-11-09 17:44:10', 'HCC-313042', 'RFID', ''),
(583, 74, 1, 25.00, '2024-11-09 17:50:16', 'HCC-939767', 'rfid', 'James Andrew Beley'),
(584, 56, 1, 65.00, '2024-11-09 17:50:16', 'HCC-939767', 'rfid', 'James Andrew Beley'),
(585, 56, 1, 65.00, '2024-11-10 00:54:15', 'HCC-431197', 'rfid', 'James Andrew Beley'),
(586, 69, 2, 4.00, '2024-11-12 10:59:56', 'HCC-076751', 'cash', ''),
(587, 70, 2, 20.00, '2024-11-12 10:59:56', 'HCC-076751', 'cash', ''),
(588, 78, 1, 10.00, '2024-11-12 10:59:56', 'HCC-076751', 'cash', ''),
(589, 66, 1, 20.00, '2024-11-12 10:59:56', 'HCC-076751', 'cash', ''),
(590, 78, 1, 10.00, '2024-11-12 11:18:42', 'HCC-596697', 'cash', ''),
(591, 76, 1, 10.00, '2024-11-12 11:18:42', 'HCC-596697', 'cash', ''),
(592, 83, 1, 20.00, '2024-11-12 11:18:42', 'HCC-596697', 'cash', ''),
(593, 74, 1, 25.00, '2024-11-12 11:18:42', 'HCC-596697', 'cash', ''),
(594, 83, 1, 20.00, '2024-11-12 13:27:21', 'HCC-473881', 'cash', ''),
(595, 59, 7, 420.00, '2024-11-12 13:33:58', 'HCC-555266', 'rfid', 'James Andrew Beley'),
(596, 83, 1, 20.00, '2024-11-12 13:55:33', 'HCC-853550', 'rfid', 'Test Test'),
(597, 76, 1, 10.00, '2024-11-12 13:55:33', 'HCC-853550', 'rfid', 'Test Test'),
(598, 74, 1, 25.00, '2024-11-12 13:55:33', 'HCC-853550', 'rfid', 'Test Test'),
(599, 83, 1, 20.00, '2024-11-12 13:55:33', 'HCC-930255', 'rfid', 'Test Test'),
(600, 76, 1, 10.00, '2024-11-12 13:55:33', 'HCC-930255', 'rfid', 'Test Test'),
(601, 74, 1, 25.00, '2024-11-12 13:55:33', 'HCC-930255', 'rfid', 'Test Test'),
(602, 83, 1, 20.00, '2024-11-12 13:55:33', 'HCC-031980', 'rfid', 'Test Test'),
(603, 76, 1, 10.00, '2024-11-12 13:55:33', 'HCC-031980', 'rfid', 'Test Test'),
(604, 74, 1, 25.00, '2024-11-12 13:55:33', 'HCC-031980', 'rfid', 'Test Test'),
(605, 76, 1, 10.00, '2024-11-12 14:00:48', 'HCC-630983', 'rfid', 'Test Test'),
(606, 78, 1, 10.00, '2024-11-12 14:00:48', 'HCC-630983', 'rfid', 'Test Test'),
(607, 74, 1, 25.00, '2024-11-12 14:00:48', 'HCC-630983', 'rfid', 'Test Test'),
(608, 70, 1, 10.00, '2024-11-12 14:00:48', 'HCC-630983', 'rfid', 'Test Test'),
(609, 76, 1, 10.00, '2024-11-12 14:00:48', 'HCC-213007', 'rfid', 'Test Test'),
(610, 78, 1, 10.00, '2024-11-12 14:00:48', 'HCC-213007', 'rfid', 'Test Test'),
(611, 74, 1, 25.00, '2024-11-12 14:00:48', 'HCC-213007', 'rfid', 'Test Test'),
(612, 70, 1, 10.00, '2024-11-12 14:00:48', 'HCC-213007', 'rfid', 'Test Test'),
(613, 76, 1, 10.00, '2024-11-12 14:35:10', 'HCC-351146', 'cash', ''),
(614, 78, 1, 10.00, '2024-11-12 14:35:10', 'HCC-351146', 'cash', ''),
(615, 83, 1, 20.00, '2024-11-12 14:35:10', 'HCC-351146', 'cash', ''),
(616, 74, 1, 25.00, '2024-11-12 14:35:10', 'HCC-351146', 'cash', ''),
(617, 78, 1, 10.00, '2024-11-16 16:23:15', 'HCC-218204', 'cash', ''),
(618, 76, 1, 10.00, '2024-11-16 16:23:15', 'HCC-218204', 'cash', ''),
(619, 83, 1, 20.00, '2024-11-16 16:23:15', 'HCC-218204', 'cash', ''),
(620, 74, 1, 25.00, '2024-11-16 16:23:15', 'HCC-218204', 'cash', ''),
(621, 81, 1, 12.00, '2024-11-16 16:23:15', 'HCC-218204', 'cash', ''),
(622, 70, 1, 10.00, '2024-11-16 16:23:15', 'HCC-218204', 'cash', ''),
(623, 60, 1, 15.00, '2024-11-16 16:23:15', 'HCC-218204', 'cash', ''),
(624, 59, 1, 60.00, '2024-11-16 16:23:15', 'HCC-218204', 'cash', ''),
(625, 74, 1, 25.00, '2024-11-19 16:13:05', 'HCC-737942', 'rfid', 'Edgar Fitsgerald Cruz'),
(626, 76, 1, 10.00, '2024-11-19 16:13:05', 'HCC-737942', 'rfid', 'Edgar Fitsgerald Cruz'),
(627, 84, 1, 28.00, '2024-11-19 16:13:05', 'HCC-737942', 'rfid', 'Edgar Fitsgerald Cruz'),
(628, 70, 1, 10.00, '2024-11-19 16:15:05', 'HCC-502319', 'rfid', 'Edgar Fitsgerald Cruz'),
(629, 59, 1, 60.00, '2024-11-19 16:15:05', 'HCC-502319', 'rfid', 'Edgar Fitsgerald Cruz'),
(630, 83, 1, 20.00, '2024-11-19 16:15:05', 'HCC-502319', 'rfid', 'Edgar Fitsgerald Cruz'),
(631, 63, 1, 18.00, '2024-11-19 16:15:05', 'HCC-502319', 'rfid', 'Edgar Fitsgerald Cruz'),
(632, 67, 1, 2.00, '2024-11-19 16:15:05', 'HCC-502319', 'rfid', 'Edgar Fitsgerald Cruz'),
(633, 74, 1, 25.00, '2024-11-25 11:46:53', 'HCC-632812', 'cash', ''),
(634, 76, 1, 10.00, '2024-11-25 11:46:53', 'HCC-632812', 'cash', ''),
(635, 84, 1, 28.00, '2024-11-25 11:46:53', 'HCC-632812', 'cash', ''),
(636, 78, 1, 10.00, '2024-11-25 11:46:53', 'HCC-632812', 'cash', ''),
(637, 74, 1, 25.00, '2024-11-25 13:13:18', 'HCC-027142', 'cash', ''),
(638, 58, 1, 65.00, '2024-11-25 13:13:18', 'HCC-027142', 'cash', ''),
(639, 78, 1, 10.00, '2024-11-25 13:14:09', 'HCC-725622', 'cash', ''),
(640, 84, 1, 28.00, '2024-11-25 13:14:09', 'HCC-725622', 'cash', ''),
(641, 84, 1, 28.00, '2024-11-25 13:15:05', 'HCC-127429', 'cash', ''),
(642, 78, 1, 10.00, '2024-11-25 13:15:05', 'HCC-127429', 'cash', ''),
(643, 84, 1, 28.00, '2024-11-25 13:15:40', 'HCC-976728', 'cash', ''),
(644, 78, 1, 10.00, '2024-11-25 13:15:40', 'HCC-976728', 'cash', ''),
(645, 84, 1, 28.00, '2024-11-25 13:16:09', 'HCC-678863', 'cash', ''),
(646, 78, 1, 10.00, '2024-11-25 13:16:09', 'HCC-678863', 'cash', ''),
(647, 78, 1, 10.00, '2024-11-25 13:17:39', 'HCC-157833', 'cash', ''),
(648, 84, 1, 28.00, '2024-11-25 13:17:39', 'HCC-157833', 'cash', ''),
(649, 78, 1, 10.00, '2024-11-25 13:18:05', 'HCC-902527', 'cash', ''),
(650, 84, 1, 28.00, '2024-11-25 13:18:05', 'HCC-902527', 'cash', ''),
(651, 84, 1, 28.00, '2024-11-25 13:18:30', 'HCC-081187', 'cash', ''),
(652, 78, 1, 10.00, '2024-11-25 13:18:30', 'HCC-081187', 'cash', ''),
(653, 84, 1, 28.00, '2024-11-25 13:37:42', 'HCC-257411', 'rfid', 'James Andrew Beley'),
(654, 76, 1, 10.00, '2024-11-25 13:37:42', 'HCC-257411', 'rfid', 'James Andrew Beley'),
(655, 84, 1, 28.00, '2024-11-25 13:37:42', 'HCC-168480', 'rfid', 'James Andrew Beley'),
(656, 76, 1, 10.00, '2024-11-25 13:37:42', 'HCC-168480', 'rfid', 'James Andrew Beley'),
(657, 84, 1, 28.00, '2024-11-25 13:37:42', 'HCC-121877', 'rfid', 'James Andrew Beley'),
(658, 76, 1, 10.00, '2024-11-25 13:37:42', 'HCC-121877', 'rfid', 'James Andrew Beley'),
(659, 84, 1, 28.00, '2024-11-25 13:39:50', 'HCC-930234', 'rfid', 'James Andrew Beley'),
(660, 78, 1, 10.00, '2024-11-25 13:39:50', 'HCC-930234', 'rfid', 'James Andrew Beley'),
(661, 78, 1, 10.00, '2024-11-25 13:40:05', 'HCC-327590', 'rfid', 'James Andrew Beley'),
(662, 84, 1, 28.00, '2024-11-25 13:40:05', 'HCC-327590', 'rfid', 'James Andrew Beley'),
(663, 76, 1, 10.00, '2024-11-25 13:46:00', 'HCC-000995', 'rfid', 'James Andrew Beley'),
(664, 84, 1, 28.00, '2024-11-25 13:46:00', 'HCC-000995', 'rfid', 'James Andrew Beley'),
(665, 71, 10, 120.00, '2024-11-25 13:47:10', 'HCC-957286', 'rfid', 'James Andrew Beley'),
(666, 59, 5, 300.00, '2024-11-25 13:48:45', 'HCC-340545', 'rfid', 'James Andrew Beley'),
(667, 59, 5, 300.00, '2024-11-25 13:48:45', 'HCC-349586', 'rfid', 'James Andrew Beley'),
(668, 82, 8, 8.00, '2024-11-25 13:49:19', 'HCC-194549', 'rfid', 'James Andrew Beley'),
(669, 62, 1, 19.00, '2024-11-25 15:26:16', 'HCC-102233', 'cash', ''),
(670, 84, 1, 28.00, '2024-11-25 15:26:53', 'HCC-893862', 'cash', ''),
(671, 84, 1, 28.00, '2024-11-25 15:30:04', 'HCC-378299', 'cash', ''),
(672, 76, 1, 10.00, '2024-11-25 15:32:27', 'HCC-044891', 'cash', ''),
(673, 76, 1, 10.00, '2024-11-25 15:34:09', 'HCC-335128', 'cash', ''),
(674, 76, 1, 10.00, '2024-11-25 15:34:48', 'HCC-856464', 'cash', ''),
(675, 76, 1, 10.00, '2024-11-25 15:37:28', 'HCC-281877', 'cash', ''),
(676, 78, 1, 10.00, '2024-11-25 15:42:54', 'HCC-290701', 'cash', ''),
(677, 84, 1, 28.00, '2024-11-25 15:42:54', 'HCC-290701', 'cash', ''),
(678, 76, 1, 10.00, '2024-11-25 15:42:54', 'HCC-290701', 'cash', ''),
(679, 76, 1, 10.00, '2024-11-25 15:44:10', 'HCC-241031', 'cash', ''),
(680, 74, 1, 25.00, '2024-11-25 15:44:10', 'HCC-241031', 'cash', ''),
(681, 84, 1, 28.00, '2024-11-25 15:44:10', 'HCC-241031', 'cash', ''),
(682, 78, 1, 10.00, '2024-11-25 15:44:10', 'HCC-241031', 'cash', ''),
(683, 84, 1, 28.00, '2024-11-25 15:48:17', 'HCC-886217', 'cash', ''),
(684, 76, 1, 10.00, '2024-11-25 15:48:17', 'HCC-886217', 'cash', ''),
(685, 78, 1, 10.00, '2024-11-25 15:48:17', 'HCC-886217', 'cash', ''),
(686, 84, 1, 28.00, '2024-11-25 15:49:59', 'HCC-384670', 'cash', ''),
(687, 74, 1, 25.00, '2024-11-25 15:49:59', 'HCC-384670', 'cash', ''),
(688, 76, 1, 10.00, '2024-11-25 15:49:59', 'HCC-384670', 'cash', ''),
(689, 78, 1, 10.00, '2024-11-25 15:49:59', 'HCC-384670', 'cash', ''),
(690, 81, 1, 12.00, '2024-11-25 15:49:59', 'HCC-384670', 'cash', ''),
(691, 59, 1, 60.00, '2024-11-25 15:49:59', 'HCC-384670', 'cash', ''),
(692, 70, 1, 10.00, '2024-11-25 15:49:59', 'HCC-384670', 'cash', ''),
(693, 83, 1, 20.00, '2024-11-25 15:49:59', 'HCC-384670', 'cash', ''),
(694, 78, 1, 10.00, '2024-11-25 15:57:26', 'HCC-353600', 'rfid', 'James Andrew Beley'),
(695, 78, 1, 10.00, '2024-11-25 16:01:15', 'HCC-985734', 'rfid', 'James Andrew Beley'),
(696, 84, 1, 28.00, '2024-11-25 16:05:56', 'HCC-248141', 'cash', ''),
(697, 83, 1, 20.00, '2024-11-25 16:06:11', 'HCC-208435', 'rfid', 'James Andrew Beley'),
(698, 84, 1, 28.00, '2024-11-25 16:11:07', 'HCC-633317', 'rfid', 'James Andrew Beley'),
(699, 78, 1, 10.00, '2024-11-25 16:11:28', 'HCC-616775', 'rfid', 'James Andrew Beley'),
(700, 78, 1, 10.00, '2024-11-25 16:11:52', 'HCC-929987', 'cash', ''),
(701, 78, 1, 10.00, '2024-11-25 16:14:35', 'HCC-463035', 'rfid', 'James Andrew Beley'),
(702, 84, 1, 28.00, '2024-11-25 16:18:06', 'HCC-861119', 'rfid', 'James Andrew Beley'),
(703, 78, 1, 10.00, '2024-11-25 16:18:06', 'HCC-861119', 'rfid', 'James Andrew Beley'),
(704, 83, 1, 20.00, '2024-11-25 16:19:26', 'HCC-953825', 'rfid', 'James Andrew Beley'),
(705, 78, 1, 10.00, '2024-11-25 16:20:30', 'HCC-994676', 'rfid', 'James Andrew Beley'),
(706, 78, 1, 10.00, '2024-11-25 16:21:07', 'HCC-284700', 'cash', ''),
(707, 83, 1, 20.00, '2024-11-25 16:22:00', 'HCC-232691', 'cash', ''),
(708, 83, 1, 20.00, '2024-11-25 16:22:39', 'HCC-822151', 'rfid', 'James Andrew Beley'),
(709, 83, 1, 20.00, '2024-11-25 16:23:46', 'HCC-582288', 'rfid', 'James Andrew Beley'),
(710, 83, 1, 20.00, '2024-11-25 16:24:15', 'HCC-694635', 'rfid', 'James Andrew Beley'),
(711, 59, 1, 60.00, '2024-12-16 22:18:32', 'HCC-629925', 'cash', ''),
(712, 79, 1, 15.00, '2024-12-17 13:27:24', 'HCC-559615', 'cash', ''),
(713, 82, 1, 1.00, '2024-12-17 13:27:24', 'HCC-559615', 'cash', ''),
(714, 58, 1, 65.00, '2024-12-17 13:27:24', 'HCC-559615', 'cash', ''),
(715, 62, 1, 19.00, '2024-12-17 13:27:24', 'HCC-559615', 'cash', ''),
(716, 81, 1, 12.00, '2024-12-17 13:27:24', 'HCC-559615', 'cash', ''),
(717, 60, 1, 15.00, '2024-12-17 13:27:24', 'HCC-559615', 'cash', ''),
(718, 86, 1, 1.00, '2024-12-19 15:12:12', 'HCC-340826', 'cash', ''),
(719, 88, 1, 12.00, '2024-12-19 15:12:12', 'HCC-340826', 'cash', ''),
(720, 59, 1, 60.00, '2024-12-19 15:15:05', 'HCC-731857', 'cash', ''),
(721, 59, 1, 60.00, '2024-12-19 15:19:54', 'HCC-604820', 'cash', ''),
(722, 59, 1, 60.00, '2024-12-19 15:20:35', 'HCC-203480', 'cash', ''),
(723, 83, 1, 20.00, '2024-12-19 15:20:54', 'HCC-089156', 'cash', ''),
(724, 84, 1, 28.00, '2024-12-19 15:20:54', 'HCC-089156', 'cash', ''),
(725, 83, 1, 20.00, '2024-12-19 15:21:42', 'HCC-856575', 'cash', ''),
(726, 84, 1, 28.00, '2024-12-19 15:21:42', 'HCC-856575', 'cash', ''),
(727, 59, 1, 60.00, '2024-12-19 15:23:04', 'HCC-184700', 'cash', ''),
(728, 59, 1, 60.00, '2024-12-19 15:24:31', 'HCC-627334', 'cash', ''),
(729, 59, 1, 60.00, '2024-12-19 15:24:48', 'HCC-726668', 'cash', ''),
(730, 59, 1, 60.00, '2024-12-19 15:25:10', 'HCC-176155', 'cash', ''),
(731, 70, 1, 10.00, '2024-12-19 15:27:43', 'HCC-228855', 'rfid', 'James Andrew Beley'),
(732, 83, 1, 20.00, '2024-12-19 15:27:43', 'HCC-228855', 'rfid', 'James Andrew Beley'),
(733, 84, 1, 28.00, '2024-12-19 15:27:43', 'HCC-228855', 'rfid', 'James Andrew Beley'),
(734, 84, 1, 28.00, '2024-12-19 15:30:00', 'HCC-997371', 'rfid', 'James Andrew Beley'),
(735, 83, 1, 20.00, '2024-12-19 15:30:00', 'HCC-997371', 'rfid', 'James Andrew Beley'),
(736, 84, 1, 28.00, '2024-12-19 15:30:41', 'HCC-244683', 'rfid', 'James Andrew Beley'),
(737, 83, 1, 20.00, '2024-12-19 15:30:52', 'HCC-377489', 'rfid', 'James Andrew Beley'),
(738, 84, 1, 28.00, '2024-12-19 15:30:52', 'HCC-377489', 'rfid', 'James Andrew Beley'),
(739, 87, 1, 2.00, '2024-12-19 15:30:52', 'HCC-377489', 'rfid', 'James Andrew Beley'),
(740, 81, 1, 12.00, '2024-12-19 15:31:13', 'HCC-164781', 'rfid', 'James Andrew Beley'),
(741, 70, 1, 10.00, '2024-12-19 15:31:13', 'HCC-164781', 'rfid', 'James Andrew Beley'),
(742, 83, 1, 20.00, '2024-12-19 15:31:13', 'HCC-164781', 'rfid', 'James Andrew Beley'),
(743, 84, 1, 28.00, '2024-12-19 15:31:13', 'HCC-164781', 'rfid', 'James Andrew Beley'),
(744, 74, 1, 25.00, '2024-12-19 15:31:13', 'HCC-164781', 'rfid', 'James Andrew Beley'),
(745, 60, 1, 15.00, '2024-12-19 15:38:13', 'HCC-582842', 'cash', ''),
(746, 81, 1, 12.00, '2024-12-19 15:38:13', 'HCC-582842', 'cash', ''),
(747, 81, 1, 12.00, '2024-12-19 15:40:18', 'HCC-867414', 'cash', ''),
(748, 83, 1, 20.00, '2024-12-19 15:41:57', 'HCC-273785', 'cash', ''),
(749, 84, 1, 28.00, '2024-12-19 15:43:30', 'HCC-812470', 'cash', ''),
(750, 60, 1, 15.00, '2024-12-19 15:46:02', 'HCC-298169', 'cash', ''),
(751, 81, 1, 12.00, '2024-12-19 15:46:02', 'HCC-298169', 'cash', ''),
(752, 70, 1, 10.00, '2024-12-19 15:46:02', 'HCC-298169', 'cash', ''),
(753, 83, 1, 20.00, '2024-12-19 15:46:02', 'HCC-298169', 'cash', ''),
(754, 84, 1, 28.00, '2024-12-19 15:46:02', 'HCC-298169', 'cash', ''),
(755, 58, 1, 65.00, '2024-12-19 15:46:02', 'HCC-298169', 'cash', ''),
(756, 62, 1, 19.00, '2024-12-19 15:46:02', 'HCC-298169', 'cash', ''),
(757, 63, 1, 18.00, '2024-12-19 15:46:02', 'HCC-298169', 'cash', ''),
(758, 67, 1, 2.00, '2024-12-19 15:46:02', 'HCC-298169', 'cash', ''),
(759, 69, 1, 2.00, '2024-12-19 15:46:02', 'HCC-298169', 'cash', ''),
(760, 60, 1, 15.00, '2024-12-19 15:51:19', 'HCC-150406', 'cash', ''),
(761, 81, 1, 12.00, '2024-12-19 15:51:19', 'HCC-150406', 'cash', ''),
(762, 70, 1, 10.00, '2024-12-19 15:51:19', 'HCC-150406', 'cash', ''),
(763, 81, 1, 12.00, '2024-12-19 15:53:12', 'HCC-815421', 'cash', ''),
(764, 70, 1, 10.00, '2024-12-19 16:11:42', 'HCC-115314', 'cash', ''),
(765, 70, 1, 10.00, '2024-12-19 16:14:02', 'HCC-818659', 'cash', ''),
(766, 83, 1, 20.00, '2024-12-19 16:14:02', 'HCC-818659', 'cash', ''),
(767, 70, 1, 10.00, '2024-12-19 16:16:44', 'HCC-843222', 'cash', ''),
(768, 83, 1, 20.00, '2024-12-19 16:16:44', 'HCC-843222', 'cash', ''),
(769, 84, 1, 28.00, '2024-12-19 16:19:31', 'HCC-667084', 'cash', ''),
(770, 83, 1, 20.00, '2024-12-19 16:19:31', 'HCC-667084', 'cash', ''),
(771, 70, 1, 10.00, '2024-12-19 16:19:31', 'HCC-667084', 'cash', ''),
(772, 83, 1, 20.00, '2024-12-19 16:20:10', 'HCC-293807', 'cash', ''),
(773, 84, 1, 28.00, '2024-12-19 16:20:10', 'HCC-293807', 'cash', ''),
(774, 70, 1, 10.00, '2024-12-19 16:20:10', 'HCC-293807', 'cash', ''),
(775, 70, 1, 10.00, '2024-12-19 16:21:15', 'HCC-803816', 'cash', ''),
(776, 84, 1, 28.00, '2024-12-19 16:21:54', 'HCC-094352', 'cash', ''),
(777, 81, 1, 12.00, '2024-12-19 16:22:49', 'HCC-298508', 'cash', ''),
(778, 81, 1, 12.00, '2024-12-19 16:23:27', 'HCC-812791', 'cash', ''),
(779, 70, 1, 10.00, '2024-12-19 16:23:27', 'HCC-812791', 'cash', ''),
(780, 70, 1, 10.00, '2024-12-19 16:23:45', 'HCC-672276', 'cash', ''),
(781, 70, 1, 10.00, '2024-12-19 16:24:59', 'HCC-205667', 'cash', ''),
(782, 81, 1, 12.00, '2024-12-19 16:33:48', 'HCC-980645', 'rfid', 'James Andrew Beley'),
(783, 70, 1, 10.00, '2024-12-19 16:33:48', 'HCC-980645', 'rfid', 'James Andrew Beley'),
(784, 81, 1, 12.00, '2024-12-19 16:33:48', 'HCC-411513', 'rfid', 'James Andrew Beley'),
(785, 70, 1, 10.00, '2024-12-19 16:33:48', 'HCC-411513', 'rfid', 'James Andrew Beley'),
(786, 70, 1, 10.00, '2024-12-19 16:34:45', 'HCC-454149', 'rfid', 'James Andrew Beley'),
(787, 70, 1, 10.00, '2024-12-19 16:35:08', 'HCC-628315', 'rfid', 'James Andrew Beley'),
(788, 81, 1, 12.00, '2024-12-19 16:35:52', 'HCC-987153', 'rfid', 'Edgar Fitsgerald Cruz'),
(789, 60, 1, 15.00, '2024-12-19 16:35:52', 'HCC-987153', 'rfid', 'Edgar Fitsgerald Cruz'),
(790, 60, 1, 15.00, '2024-12-19 16:36:26', 'HCC-566278', 'rfid', 'Edgar Fitsgerald Cruz'),
(791, 60, 1, 15.00, '2024-12-19 16:36:26', 'HCC-271453', 'rfid', 'Edgar Fitsgerald Cruz'),
(792, 81, 1, 12.00, '2024-12-19 16:56:33', 'HCC-745717', 'rfid', 'Edgar Fitsgerald Cruz'),
(793, 81, 1, 12.00, '2024-12-19 16:56:33', 'HCC-800358', 'rfid', 'Edgar Fitsgerald Cruz'),
(794, 81, 1, 12.00, '2024-12-19 16:58:49', 'HCC-777179', 'rfid', 'Edgar Fitsgerald Cruz'),
(795, 81, 1, 12.00, '2024-12-19 16:58:49', 'HCC-744202', 'rfid', 'Edgar Fitsgerald Cruz'),
(796, 89, 1, 1.00, '2024-12-19 18:37:30', 'HCC-526492', 'cash', ''),
(797, 89, 14, 14.00, '2024-12-19 18:38:58', 'HCC-451745', 'cash', ''),
(798, 81, 1, 12.00, '2024-12-19 18:44:56', 'HCC-914659', 'rfid', 'Edgar Fitsgerald Cruz'),
(799, 60, 1, 15.00, '2024-12-19 18:47:28', 'HCC-584519', 'rfid', 'Edgar Fitsgerald Cruz'),
(800, 81, 1, 12.00, '2024-12-19 18:47:28', 'HCC-584519', 'rfid', 'Edgar Fitsgerald Cruz'),
(801, 60, 1, 15.00, '2024-12-19 18:49:52', 'HCC-806118', 'rfid', 'Edgar Fitsgerald Cruz'),
(802, 81, 1, 12.00, '2024-12-19 18:49:52', 'HCC-806118', 'rfid', 'Edgar Fitsgerald Cruz'),
(803, 70, 1, 10.00, '2024-12-19 18:49:52', 'HCC-806118', 'rfid', 'Edgar Fitsgerald Cruz'),
(804, 81, 1, 12.00, '2024-12-19 18:58:09', 'HCC-850812', 'cash', ''),
(805, 90, 1, 25.00, '2024-12-19 18:58:09', 'HCC-850812', 'cash', ''),
(806, 70, 15, 150.00, '2024-12-19 18:58:09', 'HCC-850812', 'cash', ''),
(807, 69, 16, 32.00, '2024-12-19 18:58:09', 'HCC-850812', 'cash', ''),
(808, 60, 2, 30.00, '2024-12-19 18:58:09', 'HCC-850812', 'cash', ''),
(809, 63, 2, 36.00, '2024-12-19 18:58:09', 'HCC-850812', 'cash', ''),
(810, 79, 1, 15.00, '2024-12-19 18:58:09', 'HCC-850812', 'cash', ''),
(811, 71, 17, 204.00, '2024-12-19 18:58:09', 'HCC-850812', 'cash', ''),
(812, 58, 1, 65.00, '2024-12-19 18:58:09', 'HCC-850812', 'cash', ''),
(813, 62, 1, 19.00, '2024-12-19 18:58:09', 'HCC-850812', 'cash', ''),
(814, 91, 1, 100.00, '2024-12-19 19:10:19', 'HCC-637819', 'cash', ''),
(815, 60, 1, 15.00, '2024-12-20 07:10:31', 'HCC-049263', 'rfid', 'Jerald Montejo'),
(816, 81, 1, 12.00, '2024-12-20 07:20:02', 'HCC-708829', 'rfid', 'James Andrew Beley'),
(817, 81, 1, 12.00, '2024-12-20 07:38:44', 'HCC-373499', 'rfid', 'James Andrew Beley'),
(818, 60, 1, 15.00, '2024-12-20 07:38:44', 'HCC-373499', 'rfid', 'James Andrew Beley'),
(819, 63, 1, 18.00, '2024-12-20 07:38:44', 'HCC-373499', 'rfid', 'James Andrew Beley'),
(820, 60, 2, 30.00, '2024-12-27 12:30:15', 'HCC-402203', 'cash', ''),
(821, 81, 1, 12.00, '2024-12-27 12:30:15', 'HCC-402203', 'cash', ''),
(822, 62, 1, 19.00, '2024-12-27 12:30:15', 'HCC-402203', 'cash', ''),
(823, 63, 1, 18.00, '2024-12-27 12:30:15', 'HCC-402203', 'cash', ''),
(824, 67, 1, 2.00, '2024-12-27 12:30:15', 'HCC-402203', 'cash', ''),
(825, 69, 1, 2.00, '2024-12-27 12:30:15', 'HCC-402203', 'cash', ''),
(826, 55, 1, 50.00, '2024-12-27 12:30:15', 'HCC-402203', 'cash', ''),
(827, 66, 1, 20.00, '2024-12-27 12:30:15', 'HCC-402203', 'cash', ''),
(828, 71, 1, 12.00, '2024-12-27 12:30:15', 'HCC-402203', 'cash', ''),
(829, 58, 1, 65.00, '2024-12-27 12:30:15', 'HCC-402203', 'cash', ''),
(830, 60, 1, 15.00, '2024-12-27 12:46:31', 'HCC-425795', 'cash', ''),
(831, 81, 1, 12.00, '2024-12-27 12:46:31', 'HCC-425795', 'cash', ''),
(832, 81, 1, 12.00, '2024-12-27 12:51:51', 'HCC-814370', 'cash', ''),
(833, 60, 1, 15.00, '2024-12-27 12:51:51', 'HCC-814370', 'cash', ''),
(834, 81, 1, 12.00, '2024-12-27 12:56:32', 'HCC-862983', 'cash', '');
INSERT INTO `sales` (`id`, `product_id`, `quantity_sold`, `total`, `sale_date`, `transaction_number`, `payment_method`, `username`) VALUES
(835, 81, 1, 12.00, '2024-12-27 13:01:20', 'HCC-929213', 'cash', ''),
(836, 60, 1, 15.00, '2024-12-27 13:02:15', 'HCC-438037', 'rfid', 'James Andrew Beley'),
(837, 60, 1, 15.00, '2024-12-27 13:02:59', 'HCC-783802', 'rfid', 'James Andrew Beley'),
(838, 60, 1, 15.00, '2024-12-27 13:03:03', 'HCC-843843', 'rfid', 'James Andrew Beley'),
(839, 60, 1, 15.00, '2024-12-27 13:03:03', 'HCC-257611', 'rfid', 'James Andrew Beley'),
(840, 60, 1, 15.00, '2024-12-27 13:04:01', 'HCC-495363', 'rfid', 'James Andrew Beley'),
(841, 69, 1, 2.00, '2024-12-27 13:04:01', 'HCC-495363', 'rfid', 'James Andrew Beley'),
(842, 69, 1, 2.00, '2024-12-27 13:05:00', 'HCC-241819', 'rfid', 'James Andrew Beley'),
(843, 60, 1, 15.00, '2024-12-27 13:05:00', 'HCC-241819', 'rfid', 'James Andrew Beley'),
(844, 69, 1, 2.00, '2024-12-27 13:06:09', 'HCC-858256', 'cash', ''),
(845, 60, 1, 15.00, '2024-12-27 13:06:09', 'HCC-858256', 'cash', ''),
(846, 62, 1, 19.00, '2024-12-27 13:06:09', 'HCC-858256', 'cash', '');

-- --------------------------------------------------------

--
-- Table structure for table `transactions`
--

CREATE TABLE `transactions` (
  `id` int(11) NOT NULL,
  `user_id` int(11) NOT NULL,
  `payment_method` enum('cash','rfid') NOT NULL,
  `total_amount` decimal(10,2) NOT NULL,
  `items` text NOT NULL,
  `sale_date` datetime DEFAULT current_timestamp()
) ENGINE=InnoDB DEFAULT CHARSET=utf8mb4 COLLATE=utf8mb4_general_ci;

-- --------------------------------------------------------

--
-- Table structure for table `transactionslnd`
--

CREATE TABLE `transactionslnd` (
  `id` int(11) NOT NULL,
  `rfid_code` varchar(255) NOT NULL,
  `user_name` varchar(255) NOT NULL,
  `transaction_type` enum('load','deduct') NOT NULL,
  `amount` decimal(10,2) NOT NULL,
  `transaction_date` timestamp NOT NULL DEFAULT current_timestamp(),
  `cashier` varchar(250) NOT NULL
) ENGINE=InnoDB DEFAULT CHARSET=utf8mb4 COLLATE=utf8mb4_general_ci;

--
-- Dumping data for table `transactionslnd`
--

INSERT INTO `transactionslnd` (`id`, `rfid_code`, `user_name`, `transaction_type`, `amount`, `transaction_date`, `cashier`) VALUES
(1, '0013442974', 'Test Test', 'load', 50.00, '2024-10-22 19:57:37', 'Cashier To'),
(2, '0013442974', 'Test Test', 'deduct', 50.00, '2024-10-22 19:58:40', 'Cashier To'),
(3, '0013442974', 'Test Test', 'load', 50.00, '2024-10-22 21:22:52', 'Cashier To'),
(4, '0013442974', 'Test Test', 'deduct', 100.00, '2024-10-22 21:23:05', ''),
(5, '0012258965', 'Test Test', 'load', 100.00, '2024-10-22 21:24:02', ''),
(6, '0012258965', 'Test Test', 'deduct', 100.00, '2024-10-22 21:24:15', ''),
(7, '0013389623', 'James Andrew Beley', 'deduct', 3.00, '2024-10-24 17:43:54', ''),
(8, '0013389623', 'James Andrew Beley', 'deduct', 10.00, '2024-10-24 17:54:10', ''),
(9, '0013389623', 'James Andrew Beley', 'load', 50.00, '2024-10-24 17:54:52', ''),
(10, '0012258965', 'Test Test', 'load', 50.00, '2024-10-24 17:55:01', ''),
(11, '0012245507', 'Grant Mikhail Dela Cruz', 'load', 50.00, '2024-10-24 20:33:39', ''),
(12, '0012245507', 'Grant Mikhail Dela Cruz', 'load', 50.00, '2024-10-24 20:33:44', ''),
(13, '0012245507', 'Grant Mikhail Dela Cruz', 'load', 50.00, '2024-11-06 23:45:43', ''),
(14, '0012245507', 'Grant Mikhail Dela Cruz', 'deduct', 50.00, '2024-11-06 23:48:25', ''),
(15, '0012258965', 'Test Test', 'load', 100.00, '2024-11-12 06:40:06', ''),
(16, '0012245507', 'Grant Mikhail Dela Cruz', 'load', 50.00, '2024-11-14 05:46:13', ''),
(17, '0012245507', 'Grant Mikhail Dela Cruz', 'deduct', 100.00, '2024-11-14 05:46:43', ''),
(18, '0012245507', 'Grant Mikhail Dela Cruz', 'load', 100.00, '2024-11-15 11:49:08', ''),
(19, '0012245507', 'Grant Mikhail Dela Cruz', 'load', 200.00, '2024-11-15 11:49:13', ''),
(20, '0012245507', 'Grant Mikhail Dela Cruz', 'deduct', 100.00, '2024-11-15 11:49:18', ''),
(21, '0012245507', 'Grant Mikhail Dela Cruz', 'load', 100.00, '2024-11-15 11:49:43', ''),
(22, '0012245507', 'Grant Mikhail Dela Cruz', 'load', 100.00, '2024-11-15 11:49:47', ''),
(23, '0012245507', 'Grant Mikhail Dela Cruz', 'load', 100.00, '2024-11-15 11:49:51', ''),
(24, '0012245507', 'Grant Mikhail Dela Cruz', 'load', 60.00, '2024-11-15 11:50:20', ''),
(25, '0012245507', 'Grant Mikhail Dela Cruz', 'load', 200.00, '2024-11-15 11:56:52', ''),
(26, '0012245507', 'Grant Mikhail Dela Cruz', 'load', 30.00, '2024-11-15 11:56:58', 'Cashier To'),
(27, '0012245507', 'Grant Mikhail Dela Cruz', 'deduct', 100.00, '2024-11-16 09:36:15', ''),
(28, '0012245507', 'Grant Mikhail Dela Cruz', 'deduct', 500.00, '2024-11-18 12:42:10', ''),
(29, '0012258965', 'Test Test', 'load', 50.00, '2024-11-19 07:51:21', ''),
(30, '0013412479', 'Edgar Fitsgerald Cruz', 'load', 500.00, '2024-11-19 08:12:49', ''),
(31, '0013412479', 'Edgar Fitsgerald Cruz', 'deduct', 327.00, '2024-11-19 08:16:37', ''),
(32, '0013412479', 'Edgar Fitsgerald Cruz', 'load', 600.00, '2024-11-19 08:16:52', ''),
(33, '0012245507', 'Grant Mikhail Dela Cruz', 'deduct', 250.00, '2024-11-22 06:22:45', ''),
(34, '0012245507', 'Grant Mikhail Dela Cruz', 'load', 1000.00, '2024-11-22 06:24:51', ''),
(35, '0012245507', 'Grant Mikhail Dela Cruz', 'load', 50.00, '2024-11-22 08:09:20', ''),
(36, '0012245507', 'Grant Mikhail Dela Cruz', 'deduct', 500.00, '2024-11-25 03:57:04', ''),
(37, '0013389623', 'James Andrew Beley', 'load', 10000.00, '2024-11-25 05:49:50', ''),
(38, '0013389623', 'James Andrew Beley', 'deduct', 5000.00, '2024-11-25 05:50:20', ''),
(39, '0013389623', 'James Andrew Beley', 'load', 100.00, '2024-12-16 14:20:40', ''),
(40, '0013389623', 'James Andrew Beley', 'deduct', 1000.00, '2024-12-16 14:21:53', ''),
(41, '0013389623', 'James Andrew Beley', 'load', 200.00, '2024-12-17 05:28:55', ''),
(42, '0013389623', 'James Andrew Beley', 'deduct', 900.00, '2024-12-17 05:29:31', ''),
(43, '0013389623', 'James Andrew Beley', 'load', 100.00, '2024-12-19 09:16:59', 'Cashier  To'),
(48, '0013389623', 'James Andrew Beley', 'load', 50.00, '2024-12-19 09:23:16', 'Cashier  To'),
(49, '0013412479', 'Edgar Fitsgerald Cruz', 'load', 20.00, '2024-12-19 10:49:35', 'Cashier  To'),
(50, '0013412479', 'Edgar Fitsgerald Cruz', 'deduct', 463.00, '2024-12-19 10:50:18', ''),
(51, '0013389623', 'James Andrew Beley', 'load', 50.00, '2024-12-19 22:59:16', 'Cashier  To');

-- --------------------------------------------------------

--
-- Table structure for table `user`
--

CREATE TABLE `user` (
  `id` int(11) NOT NULL,
  `student_id` varchar(50) NOT NULL,
  `first_name` varchar(100) NOT NULL,
  `middle_name` varchar(250) NOT NULL,
  `last_name` varchar(100) NOT NULL,
  `email` varchar(100) NOT NULL,
  `rfid_code` varchar(50) DEFAULT NULL,
  `password` varchar(255) NOT NULL,
  `balance` decimal(10,2) NOT NULL DEFAULT 0.00,
  `user_type` enum('user','cstaff','cmanager','cashier','superadmin','mis') NOT NULL,
  `is_activated` tinyint(1) DEFAULT 1,
  `reset_token` varchar(250) DEFAULT NULL
) ENGINE=InnoDB DEFAULT CHARSET=utf8mb4 COLLATE=utf8mb4_general_ci;

--
-- Dumping data for table `user`
--

INSERT INTO `user` (`id`, `student_id`, `first_name`, `middle_name`, `last_name`, `email`, `rfid_code`, `password`, `balance`, `user_type`, `is_activated`, `reset_token`) VALUES
(7, '46182021', 'Grant Mikhail', 'Cayaba', 'Dela Cruz', 'grantmikhail@gmail.com', '40', '$2y$10$.VxmdHAd2G0XI0Vvfu918.A//FxmndCHnlQzgYmYpj1aUdDBsYYSm', 990.00, 'user', 1, ''),
(8, '5042017', 'Abraham', 'Ducha', 'Flores', 'abrahamflores@gmail.com', '0011793622', '$2y$10$U2udgWJ7wdvwyjPKmhQAF.jx4zvNInpAeU013M1Rtzl5dJkEuxZxW', 500.00, 'user', 1, ''),
(9, '0000', 'Super', 'Admin', 'To', 'superadmin@gmail.com', 'sadmin', '$2y$10$grGkQDeAQUraCd2i.sl1ue4jhtUw1KS31pCa87ke01kBlQ4RaN0Qa', 0.00, 'superadmin', 1, ''),
(10, '0001', 'Canteen', '', 'Staff', 'cstaff@gmail.com', 'cstaff', '$2y$10$EgXp3VEGYZtFT96d0IHwQOLSf52nTZXypqFoX46YnLLfcplkuk/qO', 0.00, 'cstaff', 1, ''),
(11, '0002', 'Cashier', '', 'To', 'cashierhcc@gmail.com', 'cashierhcc', '$2y$10$Tbr/vQ3s2gZK5vVgdTXHF.UxFwxdGga/FaVzvQZiKx1If1b73.oCy', 0.00, 'cashier', 1, ''),
(12, '0003', 'Canteen', '', 'Manager', 'cmanager@gmail.com', 'cmanager', '$2y$10$2DeXlrLHbHG4lJQQPbndu.rTiAP23qF.oXjOXicSEPekEv6I.DQ92', 0.00, 'cmanager', 0, ''),
(13, '52651', 'Test', 'Test', 'Test', 'test@gmail.com', '0013442908', '$2y$10$BltPcVhKIBkdrHMvqw3wXOXV0aYIyfG1UooT0c1q0WovWjYFy3JSm', 1040.00, 'user', 1, ''),
(14, '52552021', 'James Andrew', 'Adriano', 'Beley', 'jemusubeley@gmail.com', '0013389623', '$2y$10$RdAYu882cUoe09Ul6N3P7OVPyKasUwJHIscMv2ko3NMzkQxT73Aw.', 3012.00, 'cmanager', 1, NULL),
(16, '52542021', 'Test', 'Test', 'Test', 'test123@gmail.com', '0013442974', '$2y$10$LfqEuyTr73LLXKoIKTrBduq3Yyq6AFews1kTakaTPBGs0zJZIA7Yq', 0.00, 'user', 0, ''),
(44, '99252021', 'Akira Yuki', '', 'Dela', '99252021@holycross.edu.ph', '0013442973', '$2y$10$I2YoZZW/7.FxIXEmhGN5xud6J/8f6NTjscjMJMHNcCtkaedDBVYr6', 0.00, 'user', 2, ''),
(45, '49972021', 'Jhastine', '', 'Garcia', '49972021@holycross.edu.ph', '0013442972', '$2y$10$1xVkPMEFMwMyWafZOaT1i.748NcWKqv6MJbrZTDpJ5B47q0fTDqKW', 0.00, 'user', 2, ''),
(46, '48242021', 'Joshua', '', 'Alcaraz', '48242021@holycross.edu.ph', '0013442971', '$2y$10$X.JoJ1KTG.E1hPdQpDM4VugkFdIliXtwUmBY4ud3AiqOKLoTNkL/a', 0.00, 'user', 1, ''),
(47, '47322021', 'Roel', '', 'Aquino', '47322021@holycross.edu.ph', '0013442970', '$2y$10$fvEaPOBKlQ8LnWru.0cltuSgLi5zFcNgDeYyqdi7idoWPACljZGFK', 0.00, 'user', 1, ''),
(48, '49432021', 'Mark Angelo', '', 'De Vera', '49432021@holycross.edu.ph', NULL, '$2y$10$c3ICRpWQibCd58sSHKpyX.a/3Arxpgqxv/3Qe7G0i0ea/M6qhBRRG', 0.00, 'user', 0, ''),
(49, '6102017', 'D. Archie', '', 'Vicente', '6102017@holycross.edu.ph', '0012245509', '$2y$10$ApYX1uzjmJchgsZAOMIY9uWyqdmSTeRX.UYo33ajbsQUO8g9J1zi2', 0.00, 'user', 1, ''),
(50, '48972021', 'Diana Rose', '', 'Maglalang', '48972021@holycross.edu.ph', '0012245508', '$2y$10$QHA3D3YpKFrlOcKRXq6YQeARAFDuFZ7s/o7tgQ/z4bV57kfTot/o.', 0.00, 'user', 2, ''),
(51, '46652021', 'Lyn Marie', '', 'Mapoy', '46652021@holycross.edu.ph', NULL, '$2y$10$FOiBsyyvSEyFcxe5GgjEWuAyHuT8FAzpyazIx.tz71n7hg/9.KBm6', 0.00, 'user', 0, ''),
(52, '48532021', 'Charlotte', '', 'Capistrano', '48532021@holycross.edu.ph', NULL, '$2y$10$AXDylCYtu4ZrgWi7QKBEZuSdc5uNnkgEBWwmIuHlEBcDJbZcXYSeG', 0.00, 'user', 0, ''),
(53, '2832017', 'Carl Justin', '', 'Velasco', '2832017@holycross.edu.ph', NULL, '$2y$10$lpWT4W3qu3R2OCllm4Dxtu9WnkF7bAfjK3FL53IjHrlclAbmdQYOi', 0.00, 'user', 0, ''),
(54, '3922017', 'Andrew', '', 'De Guzman', '3922017@holycross.edu.ph', NULL, '$2y$10$1mCDjXh4HJIxg5EV2JvQYeghbSv.3g0B6sKPn1YJiB7Z8Hob3maiK', 0.00, 'user', 0, ''),
(55, '22252019', 'Gencel Kaye', '', 'Beley', '22252019@holycross.edu.ph', NULL, '$2y$10$dFzk063PKBkHJuIgyBhaqOLydfHsl44urrxPqtela3P9jXQ5PH4V6', 0.00, 'user', 0, ''),
(56, '49182021', 'Aisharica Alexa', '', 'Lavesores', '49182021@holycross.edu.ph', NULL, '$2y$10$278k9x.k9cly55FagWSpJ.wjl.AbvACz9MTB04pY/Fkd7SVNw/0kS', 0.00, 'user', 0, ''),
(57, '51432021', 'Maureen Caye', 'Manucot', 'Bondoc', '51432021@holycross.edu.ph', NULL, '$2y$10$OHbdINJY7AeOGMyX4b35Y.u5oq2Rn7JtOOwB7WXg.O/TPNtPgAB8u', 0.00, 'user', 0, ''),
(58, '52552921', 'James Andrew', 'Adriano', 'Beley', '52552921@holycross.edu.ph', NULL, '$2y$10$LcZwENMmV0ONmcXXnUNba.NDW1OOAr0tUOmho4mHXdOmSHg4aapvK', 0.00, 'user', 2, ''),
(59, '46182021', 'Grant Mikhail', 'Cayaba', 'Dela Cruz', '46182021@holycross.edu.ph', NULL, '$2y$10$TTKvHd91VaK26M4T4DlUHe.icGmlXm3UwXliGUq.Wl2G8BYpgUi5K', 0.00, 'user', 0, ''),
(60, '39072020', 'Ariel', 'Sunga', 'Germino Jr', '39072020@holycross.edu.ph', NULL, '$2y$10$weab5JNtQuXvcspQyGidC.VOGk1IfFusqumKS5bAD8rIjAUMymc6q', 0.00, 'user', 0, ''),
(62, '51492021', 'Lhyod ', '', 'Santos', '51492021@holycross.edu.ph', NULL, '$2y$10$0C23.UB2nxLs/vuF/DiJjuItetorq8PINxaty332UFo8Jwk91xrNW', 0.00, 'user', 0, ''),
(63, '18752018', 'Darwin', '', 'Salazar', '18752018@holycross.edu.ph', NULL, '$2y$10$TOg6cuP1qNiLl3Rg0s5H1eupfym8m4VYwPA5u68GMmjSFZUFznTj.', 0.00, 'user', 0, ''),
(64, '46822021', 'Jerald', '', 'Montejo', '46822021@holycross.edu.ph', '45', '$2y$10$QFWIPhqPN2c1h2gE6mxQMufexdWcxREm6ic3N05Qnff/peRUnkmLG', 5.00, 'user', 2, ''),
(65, '28142019', 'Kairo', '', 'Villamora', '28142019@holycross.edu.ph', '2332', '$2y$10$UdjuPc8nTQdH.EADYhsDReKYcq.9bESVLFPjYZ8kvmXRwQxQWFHsK', 0.00, 'user', 1, ''),
(66, '6922017', 'Dan Louise', '', 'Manio', '6922017@holycross.edu.ph', NULL, '$2y$10$ehVOB6EK0nzTsdbIN/SQq.sEY4rXx1c6VbJdsyttP7lJCeqUGWSDO', 0.00, 'user', 0, ''),
(67, '52192021', 'Dan Michael', '', 'Merin', '52192021@holycross.edu.ph', NULL, '$2y$10$asnJnrM9owommeNkiN95Q.8AXE.085wuFDBotRmDoSi8vPpKaSwWi', 0.00, 'user', 0, ''),
(68, '41972020', 'Mary Grace', '', 'Mariano', '41972020@holycross.edu.ph', NULL, '$2y$10$mHoz40DxqxPdWlodrfylpO0wPRqv4RkAMr//e126QKWIp7D9cvjam', 0.00, 'user', 0, ''),
(69, '48732021', 'Cristine Joy', '', 'Padilla', '48732021@holycross.edu.ph', NULL, '$2y$10$6NWkev6w39OdwrHtvUGcwOTrWYlLPHjYG/s/h0Dln9Diq5SzbXj1O', 0.00, 'user', 0, ''),
(70, '34042019', 'Hanes Kenneth', '', 'Dizon', '34042019@holycross.edu.ph', NULL, '$2y$10$VOdw8Ixo4KKQD5I8A1P23uxZI4DcRYIjNk/vjw/0nQ7/IH9Mcihaq', 0.00, 'user', 0, ''),
(71, '6032017', 'Florante', '', 'Musngi', '6032017@holycross.edu.ph', NULL, '$2y$10$0TuB.AtjZph5jKd4FNu0H.P6nhjJJWpDRJEbRC1QhVZiDge6pDkFq', 0.00, 'user', 0, ''),
(72, '51882021', 'Franz Eriel', '', 'Lopez', '51882021@holycross.edu.ph', NULL, '$2y$10$Jmiy7Ck9/zCoQy.eZ35Kae9tWmkAE5YXRbPEW9q1//4yw.etgBnIC', 0.00, 'user', 0, ''),
(73, '48522021', 'Jackielou', '', 'Sansait', '48522021@holycross.edu.ph', NULL, '$2y$10$eunkhxQbd7N3FFA/1KnnIOgEf6Ud1GSRaY6Rodr7pgC3KzKknItQ2', 0.00, 'user', 0, ''),
(74, '8882017', 'John Christian', '', 'Flores', '8882017@holycross.edu.ph', NULL, '$2y$10$/8eiK/878DjJi36jKPOwZubYGihPx1rtO4CDzXbClCGlpXnEJTmF.', 0.00, 'user', 0, ''),
(75, '49702021', 'Jensel John', '', 'Boje', '49702021@holycross.edu.ph', NULL, '$2y$10$jxP4oKa6GJp7FCtMT12R8O/mXX/C2.0Wtnmz.Qmrd7F94rM5K8CXK', 0.00, 'user', 0, ''),
(76, '47702021', 'Aeron Third', '', 'Azarcon', '47702021@holycross.edu.ph', NULL, '$2y$10$yXJXiGYSAtGED4rgornNQexZkfDLZC7yBTTx8k9/c1qDblEdeWfW.', 0.00, 'user', 0, ''),
(77, '47332021', 'Edgar Fitsgerald', '', 'Cruz', '47332021@holycross.edu.ph', '0013412479', '$2y$10$LPqTT5AGTblQboE2uUxlWOAn8Ps/J/wClJD3rSCfyHEyERSoZpeiC', 0.00, 'user', 0, ''),
(80, '0005', 'HCC', 'MIS', 'MIS', 'hccmis@gmail.com', 'hccmis', '$2y$10$b02baMsv/sLZsBJGSsseau739NzgxnaeB.g1T/qM8v0VZw5hyCdOq', 0.00, 'mis', 1, ''),
(81, '51432022', 'retro', 'C', 'grant', 'grantdelacruz4@gmail.com', '453', '$2y$10$1Pjn.p9NbHZ1.UWBcqyf1ePdz5Y7yN.skfHgCdBhgnb/cJ53FD6Du', 0.00, 'user', 1, ''),
(82, '51432023', 'retro', 'C', 'grant', 'grantdelacruz41@gmail.com', NULL, '$2y$10$b2ZK.7QckuVZVhhqaMH4y.4cy2311UMnZDxZ4XvajZ22N0WfydeoS', 0.00, 'user', 0, ''),
(83, '51432024', 'retro', 'C', 'grant', 'grantdelacruz141@gmail.com', NULL, '$2y$10$XsfCW2KYhTW/oI2Y7e6Ai.pjJ.jxBEQImI5CeVyySMFngp4i1Fbre', 0.00, 'user', 0, ''),
(84, '', '', '', '', '', NULL, '$2y$10$8OAmeuZGzwDowcMxWRSnR.BI2jOKtdzh4qTXtF6E0n5qlc4p79PWm', 0.00, 'user', 0, ''),
(85, '46192021', 'Karl', 'Cayaba', 'Dela Cruz', 'karlcayabadelacruz@gmail.com', NULL, '$2y$10$QGLSNzoCqm4wZ3SSx86rtOToqPbq54LFoUA7GBX1U0OGPJAXG5QXK', 0.00, 'user', 0, ''),
(86, '461920223', 'jarl', 'kayaba', 'Dela Paz', 'karlcayabadelacruz@gmail', NULL, '$2y$10$3aNx4OkNhnADC32s1oIinODuwesJBuRUPrZnVWBi.R134jiI/XPK.', 0.00, 'user', 0, ''),
(87, '39072016', 'Ariel', 'S', 'Germino Jr', 'onimregleira@gmail.com', NULL, '$2y$10$Pnbi/AWMT8ThNs8Q62ld0e94tKbvD5aUzgSB5f7e7qhqfg4Labs1S', 0.00, 'user', 0, ''),
(88, '99999999', 'kupal', 'o', 'ako', 'bakal@gmail', NULL, '$2y$10$eg8g3v9F3IN60G1Nf2d4IeZVa3bQp4GX793q82gsE4H1MkmqSdl4i', 0.00, 'user', 0, ''),
(89, 'vbnbn', 'vbnxfn', 'fnfnd', 'nsfg', 'fnfdgn@gmail', NULL, '$2y$10$kig96FTZUgaJ4.Am4/gLCeUzIc5.mjJMsHeZOiZ7a0yHRzwIvn9Iq', 0.00, 'user', 0, ''),
(90, '212222222', 'dwc', 'ff', 'df', 'grant@gmail.com', NULL, '$2y$10$T/ZlzWAXOud/G57rtA0qWe4M0XrgUWqqmOTjS2ePk41osxvkBdNX2', 0.00, 'user', 0, ''),
(91, '1234567', 'a', 'a', 'a', 'beley@gmail.com', NULL, '$2y$10$pQt65CsDUivwBpqvd7x4ROqqzvCkvQ4U.jHeQwoPhafv6NiW5ehem', 0.00, 'user', 0, ''),
(92, '1234569', 'a', 'a', 'a', 'abraham222@gmail.com', NULL, '$2y$10$.JLgG8JSVXZ5aN/HGD04XuoWCePqs25sD8Y.CnO44LguJQ3xkPoDa', 0.00, 'user', 0, ''),
(93, '12345671', 'aaa', 'aaa', 'aaaaaaaaaaa', 'beley', NULL, '$2y$10$fNFjCsZ.nDUv6qhOXbI7X.p98nlpET1SLXu//sb8/ciFnq9jr3kX6', 0.00, 'user', 0, ''),
(94, '123456711', 'a', 'a', 'a', 'asdsdsd', NULL, '$2y$10$NhLQQuKAOS69UNBNlaJDMeEXmrVdJXzSJmSlfX.FVZtkgsyff0g0S', 0.00, 'user', 0, ''),
(95, '123232', 'vdf', 'sdasd', 'asdsd', 'beley@', NULL, '$2y$10$UGHt2f0KjeGs5dbIzq.qpeSVbQv9rawZ/m69qtjF1J3mxeZtIngcS', 0.00, 'user', 0, ''),
(96, '123456866', 'vdf', 'asdsad', 'sdsdas', 'asdasdas', NULL, '$2y$10$OqtNFIT2Wjsk9wnJp41WeulQlU.6JlQQuXGauochrtIJNmy7pUfay', 0.00, 'user', 0, '');

-- --------------------------------------------------------

--
-- Table structure for table `users`
--

CREATE TABLE `users` (
  `id` int(11) NOT NULL,
  `username` varchar(255) NOT NULL,
  `password` varchar(255) NOT NULL,
  `role` enum('admin','cashier','cstaff','cadmin','student') DEFAULT 'cstaff',
  `user_type` enum('users','cstaff','cmanager','cashier','superadmin') NOT NULL
) ENGINE=InnoDB DEFAULT CHARSET=utf8mb4 COLLATE=utf8mb4_general_ci;

--
-- Dumping data for table `users`
--

INSERT INTO `users` (`id`, `username`, `password`, `role`, `user_type`) VALUES
(3, 'cstaff', '$2y$10$skYXyxo69sUe1Wa5xNQ1jeGlyBbnwOBIBR0rp/w8yfQqu.I5fqM.W', 'cstaff', 'users'),
(4, 'cadmin', '$2y$10$TZv4A3AdOGTzfJhkuT.AguKb8HfZFZcLQ18zEUoE.OyXMXYIt3J1W', 'cadmin', 'users');

--
-- Indexes for dumped tables
--

--
-- Indexes for table `categories`
--
ALTER TABLE `categories`
  ADD PRIMARY KEY (`id`);

--
-- Indexes for table `e_receipts`
--
ALTER TABLE `e_receipts`
  ADD PRIMARY KEY (`id`);

--
-- Indexes for table `e_receipt_details`
--
ALTER TABLE `e_receipt_details`
  ADD PRIMARY KEY (`id`),
  ADD KEY `e_receipt_id` (`e_receipt_id`),
  ADD KEY `product_id` (`product_id`),
  ADD KEY `transaction_number` (`transaction_number`);

--
-- Indexes for table `products`
--
ALTER TABLE `products`
  ADD PRIMARY KEY (`id`);

--
-- Indexes for table `receipts`
--
ALTER TABLE `receipts`
  ADD PRIMARY KEY (`id`),
  ADD KEY `transaction_id` (`transaction_id`),
  ADD KEY `user_id` (`user_id`);

--
-- Indexes for table `return_sale`
--
ALTER TABLE `return_sale`
  ADD PRIMARY KEY (`id`),
  ADD KEY `transaction_id` (`transaction_number`),
  ADD KEY `product_id` (`product_id`);

--
-- Indexes for table `rfid_history`
--
ALTER TABLE `rfid_history`
  ADD PRIMARY KEY (`id`),
  ADD KEY `rfid_history_ibfk_1` (`user_id`);

--
-- Indexes for table `sales`
--
ALTER TABLE `sales`
  ADD PRIMARY KEY (`id`),
  ADD KEY `product_id` (`product_id`);

--
-- Indexes for table `transactions`
--
ALTER TABLE `transactions`
  ADD PRIMARY KEY (`id`),
  ADD KEY `transactions_ibfk_1` (`user_id`);

--
-- Indexes for table `transactionslnd`
--
ALTER TABLE `transactionslnd`
  ADD PRIMARY KEY (`id`);

--
-- Indexes for table `user`
--
ALTER TABLE `user`
  ADD PRIMARY KEY (`id`),
  ADD UNIQUE KEY `email` (`email`),
  ADD UNIQUE KEY `rfid_code` (`rfid_code`);

--
-- Indexes for table `users`
--
ALTER TABLE `users`
  ADD PRIMARY KEY (`id`),
  ADD UNIQUE KEY `username` (`username`);

--
-- AUTO_INCREMENT for dumped tables
--

--
-- AUTO_INCREMENT for table `categories`
--
ALTER TABLE `categories`
  MODIFY `id` int(11) NOT NULL AUTO_INCREMENT, AUTO_INCREMENT=7;

--
-- AUTO_INCREMENT for table `e_receipts`
--
ALTER TABLE `e_receipts`
  MODIFY `id` int(11) NOT NULL AUTO_INCREMENT, AUTO_INCREMENT=323;

--
-- AUTO_INCREMENT for table `e_receipt_details`
--
ALTER TABLE `e_receipt_details`
  MODIFY `id` int(11) NOT NULL AUTO_INCREMENT, AUTO_INCREMENT=518;

--
-- AUTO_INCREMENT for table `products`
--
ALTER TABLE `products`
  MODIFY `id` int(11) NOT NULL AUTO_INCREMENT, AUTO_INCREMENT=92;

--
-- AUTO_INCREMENT for table `receipts`
--
ALTER TABLE `receipts`
  MODIFY `id` int(11) NOT NULL AUTO_INCREMENT;

--
-- AUTO_INCREMENT for table `return_sale`
--
ALTER TABLE `return_sale`
  MODIFY `id` int(11) NOT NULL AUTO_INCREMENT, AUTO_INCREMENT=98;

--
-- AUTO_INCREMENT for table `rfid_history`
--
ALTER TABLE `rfid_history`
  MODIFY `id` int(11) NOT NULL AUTO_INCREMENT, AUTO_INCREMENT=147;

--
-- AUTO_INCREMENT for table `sales`
--
ALTER TABLE `sales`
  MODIFY `id` int(11) NOT NULL AUTO_INCREMENT, AUTO_INCREMENT=847;

--
-- AUTO_INCREMENT for table `transactions`
--
ALTER TABLE `transactions`
  MODIFY `id` int(11) NOT NULL AUTO_INCREMENT;

--
-- AUTO_INCREMENT for table `transactionslnd`
--
ALTER TABLE `transactionslnd`
  MODIFY `id` int(11) NOT NULL AUTO_INCREMENT, AUTO_INCREMENT=52;

--
-- AUTO_INCREMENT for table `user`
--
ALTER TABLE `user`
  MODIFY `id` int(11) NOT NULL AUTO_INCREMENT, AUTO_INCREMENT=97;

--
-- AUTO_INCREMENT for table `users`
--
ALTER TABLE `users`
  MODIFY `id` int(11) NOT NULL AUTO_INCREMENT, AUTO_INCREMENT=5;

--
-- Constraints for dumped tables
--

--
-- Constraints for table `e_receipt_details`
--
ALTER TABLE `e_receipt_details`
  ADD CONSTRAINT `e_receipt_details_ibfk_1` FOREIGN KEY (`e_receipt_id`) REFERENCES `e_receipts` (`id`),
  ADD CONSTRAINT `e_receipt_details_ibfk_2` FOREIGN KEY (`product_id`) REFERENCES `products` (`id`);

--
-- Constraints for table `receipts`
--
ALTER TABLE `receipts`
  ADD CONSTRAINT `receipts_ibfk_1` FOREIGN KEY (`transaction_id`) REFERENCES `transactions` (`id`),
  ADD CONSTRAINT `receipts_ibfk_2` FOREIGN KEY (`user_id`) REFERENCES `users` (`id`);

--
-- Constraints for table `return_sale`
--
ALTER TABLE `return_sale`
  ADD CONSTRAINT `return_sale_ibfk_2` FOREIGN KEY (`product_id`) REFERENCES `products` (`id`);

--
-- Constraints for table `rfid_history`
--
ALTER TABLE `rfid_history`
  ADD CONSTRAINT `rfid_history_ibfk_1` FOREIGN KEY (`user_id`) REFERENCES `user` (`id`);

--
-- Constraints for table `sales`
--
ALTER TABLE `sales`
  ADD CONSTRAINT `sales_ibfk_1` FOREIGN KEY (`product_id`) REFERENCES `products` (`id`);

--
-- Constraints for table `transactions`
--
ALTER TABLE `transactions`
  ADD CONSTRAINT `transactions_ibfk_1` FOREIGN KEY (`user_id`) REFERENCES `users` (`id`);
COMMIT;

/*!40101 SET CHARACTER_SET_CLIENT=@OLD_CHARACTER_SET_CLIENT */;
/*!40101 SET CHARACTER_SET_RESULTS=@OLD_CHARACTER_SET_RESULTS */;
/*!40101 SET COLLATION_CONNECTION=@OLD_COLLATION_CONNECTION */;
